customerid,recency,frequency,monetary,Cluster3,Cluster4,Cluster,ClusterLabel
14646,1,74,280206.0199999998,0,1,1,Champions
18102,0,60,259657.30000000008,0,1,1,Champions
17450,8,46,194550.79000000007,0,1,1,Champions
16446,0,2,168472.5,0,1,1,Champions
14911,1,201,143825.0599999994,0,1,1,Champions
12415,24,21,124914.52999999972,0,1,1,Champions
14156,9,55,117379.6299999998,0,1,1,Champions
17511,2,31,91062.38,0,1,1,Champions
16029,38,63,81024.84000000001,0,1,1,Champions
12346,325,1,77183.6,1,3,3,Loyal Customers
16684,4,28,66653.56000000001,0,3,3,Loyal Customers
14096,4,17,65164.78999999963,0,3,3,Loyal Customers
13694,3,50,65039.62000000003,0,3,3,Loyal Customers
15311,0,91,60767.900000000125,0,1,1,Champions
13089,2,97,58825.83000000014,0,1,1,Champions
17949,1,45,58510.48000000001,0,3,3,Loyal Customers
15769,7,26,56252.72000000001,0,3,3,Loyal Customers
15061,3,48,54534.140000000014,0,3,3,Loyal Customers
14298,8,44,51527.29999999998,0,3,3,Loyal Customers
14088,10,13,50491.810000000005,2,3,3,Loyal Customers
15749,235,3,44534.3,1,3,3,Loyal Customers
12931,21,15,42055.95999999999,2,3,3,Loyal Customers
17841,1,124,40991.57000000007,0,1,1,Champions
15098,182,3,39916.5,1,3,3,Loyal Customers
13798,1,57,37153.84999999997,0,3,3,Loyal Customers
16013,3,47,37130.600000000006,0,3,3,Loyal Customers
16422,17,51,34684.400000000016,0,3,3,Loyal Customers
12748,0,210,33719.73000000031,0,1,1,Champions
15838,11,19,33643.08,2,3,3,Loyal Customers
17404,4,15,31906.82,2,3,3,Loyal Customers
17389,0,34,31833.68000000001,2,3,3,Loyal Customers
13098,1,28,28882.44,2,3,3,Loyal Customers
14680,25,16,28754.110000000004,2,3,3,Loyal Customers
13081,11,11,28337.380000000085,2,3,3,Loyal Customers
13408,1,62,28117.03999999998,0,3,3,Loyal Customers
17857,4,23,26879.04,2,3,3,Loyal Customers
16333,7,22,26626.8,2,3,3,Loyal Customers
13777,0,33,25977.159999999985,2,3,3,Loyal Customers
12753,22,6,21429.39,2,0,0,Potential Customers
12744,51,7,21279.289999999997,2,3,3,Loyal Customers
16210,1,18,21086.3,2,3,3,Loyal Customers
17675,1,31,20374.27999999996,2,3,3,Loyal Customers
17381,8,29,20275.60999999999,2,3,3,Loyal Customers
15039,9,47,19914.43999999997,2,3,3,Loyal Customers
12471,2,30,19824.04999999994,2,3,3,Loyal Customers
12731,23,12,18895.910000000007,2,3,3,Loyal Customers
15159,1,30,18641.01000000002,2,3,3,Loyal Customers
12901,8,28,17654.539999999997,2,3,3,Loyal Customers
12678,42,12,17628.460000000003,2,3,3,Loyal Customers
14031,7,19,17286.85999999999,2,3,3,Loyal Customers
17428,0,28,17256.850000000002,2,3,3,Loyal Customers
13767,2,37,17220.360000000008,2,3,3,Loyal Customers
13881,3,20,17159.519999999997,2,3,3,Loyal Customers
16839,8,34,16594.349999999984,2,3,3,Loyal Customers
12921,9,37,16587.09000000002,2,3,3,Loyal Customers
14607,15,14,16569.5,2,3,3,Loyal Customers
15856,4,27,16387.570000000003,2,3,3,Loyal Customers
17677,1,30,16363.229999999998,2,3,3,Loyal Customers
15189,1,41,16225.390000000009,2,3,3,Loyal Customers
14051,0,23,15610.38999999999,2,3,3,Loyal Customers
15513,33,19,14758.219999999998,2,3,3,Loyal Customers
16133,3,33,14589.039999999995,2,3,3,Loyal Customers
14866,10,12,14389.900000000009,2,3,3,Loyal Customers
16705,0,20,14034.989999999989,2,3,3,Loyal Customers
12681,14,22,13787.540000000005,2,3,3,Loyal Customers
12621,1,20,13689.669999999998,2,3,3,Loyal Customers
12540,19,17,13400.239999999989,2,3,3,Loyal Customers
12433,0,7,13375.86999999999,2,0,0,Potential Customers
15498,2,27,13316.399999999992,2,3,3,Loyal Customers
12477,22,6,13219.73999999999,2,0,0,Potential Customers
17735,2,19,13110.019999999997,2,3,3,Loyal Customers
16525,2,26,13027.450000000008,2,3,3,Loyal Customers
14258,9,9,12669.979999999996,2,0,0,Potential Customers
13078,3,26,12627.94,2,3,3,Loyal Customers
12536,43,3,12601.830000000002,2,0,0,Potential Customers
15640,4,15,12515.659999999982,2,3,3,Loyal Customers
16000,2,3,12393.7,2,0,0,Potential Customers
17340,29,11,12353.289999999995,2,3,3,Loyal Customers
12682,3,31,12288.219999999998,2,3,3,Loyal Customers
13113,0,24,12245.960000000005,2,3,3,Loyal Customers
14606,1,93,12156.650000000072,0,3,3,Loyal Customers
12557,16,5,11990.96,2,0,0,Potential Customers
12939,64,8,11581.8,2,0,0,Potential Customers
15125,25,15,11528.48,2,3,3,Loyal Customers
14194,4,21,11349.519999999991,2,3,3,Loyal Customers
12971,3,86,11189.909999999996,0,3,3,Loyal Customers
14895,7,20,11138.710000000008,2,3,3,Loyal Customers
12409,78,3,11072.670000000006,2,0,0,Potential Customers
15482,15,12,11054.960000000005,2,3,3,Loyal Customers
17581,0,25,11045.03999999999,2,3,3,Loyal Customers
13319,5,26,10845.549999999988,2,3,3,Loyal Customers
17107,33,6,10815.429999999991,2,0,0,Potential Customers
13340,45,7,10736.47999999999,2,0,0,Potential Customers
14769,2,8,10674.750000000004,2,0,0,Potential Customers
17139,15,12,10668.469999999988,2,3,3,Loyal Customers
16779,2,22,10629.719999999988,2,3,3,Loyal Customers
17865,30,20,10526.319999999996,2,3,3,Loyal Customers
17706,4,17,10504.489999999994,2,3,3,Loyal Customers
15251,9,11,10484.989999999994,2,0,0,Potential Customers
14062,9,12,10464.85,2,3,3,Loyal Customers
15615,10,23,10399.739999999989,2,3,3,Loyal Customers
15502,15,12,10384.93,2,3,3,Loyal Customers
16180,100,8,10254.18,2,0,0,Potential Customers
16843,42,16,10196.570000000009,2,3,3,Loyal Customers
12590,211,2,9864.260000000002,1,2,2,Lost Customers
13001,4,13,9818.820000000012,2,3,3,Loyal Customers
13199,3,38,9817.12,2,3,3,Loyal Customers
15078,7,32,9743.110000000022,2,3,3,Loyal Customers
12709,15,15,9736.519999999991,2,3,3,Loyal Customers
13458,7,14,9646.570000000002,2,3,3,Loyal Customers
14733,16,12,9585.91,2,3,3,Loyal Customers
16523,1,21,9418.470000000005,2,3,3,Loyal Customers
12567,22,10,9401.28,2,0,0,Potential Customers
14367,8,16,9261.520000000006,2,3,3,Loyal Customers
14667,10,25,9241.200000000004,2,3,3,Loyal Customers
18092,2,11,9068.260000000004,2,0,0,Potential Customers
13969,7,18,9053.940000000002,2,3,3,Loyal Customers
12451,10,5,9035.519999999991,2,0,0,Potential Customers
13488,17,13,8968.309999999996,2,3,3,Loyal Customers
13090,8,14,8910.82,2,3,3,Loyal Customers
16033,5,20,8816.39999999998,2,3,3,Loyal Customers
17017,2,20,8694.260000000002,2,3,3,Loyal Customers
17243,1,26,8676.849999999997,2,3,3,Loyal Customers
17306,10,19,8631.310000000003,2,3,3,Loyal Customers
16656,22,15,8625.800000000001,2,3,3,Loyal Customers
14527,2,55,8508.819999999962,2,3,3,Loyal Customers
12683,4,15,8476.569999999998,2,3,3,Loyal Customers
18139,17,6,8438.339999999997,2,0,0,Potential Customers
15358,4,22,8347.199999999992,2,3,3,Loyal Customers
16558,0,20,8338.490000000013,2,3,3,Loyal Customers
14056,1,23,8214.649999999981,2,3,3,Loyal Customers
14936,33,8,8137.019999999999,2,0,0,Potential Customers
16672,2,20,8134.94,2,3,3,Loyal Customers
13854,8,25,8109.519999999999,2,3,3,Loyal Customers
14952,59,11,8099.489999999998,2,0,0,Potential Customers
18109,1,26,8052.969999999998,2,3,3,Loyal Customers
14796,1,17,8022.489999999973,2,3,3,Loyal Customers
12428,25,9,7956.460000000003,2,0,0,Potential Customers
15290,4,18,7943.220000000001,2,3,3,Loyal Customers
14849,21,25,7930.539999999997,2,3,3,Loyal Customers
12757,15,13,7857.099999999999,2,3,3,Loyal Customers
17811,4,39,7837.729999999989,2,3,3,Loyal Customers
13093,275,8,7832.469999999997,1,2,2,Lost Customers
12435,79,2,7829.889999999999,2,0,0,Potential Customers
13629,23,11,7792.36,2,0,0,Potential Customers
15044,19,17,7700.229999999997,2,3,3,Loyal Customers
15194,3,15,7616.529999999998,2,3,3,Loyal Customers
18172,14,20,7561.68,2,3,3,Loyal Customers
13263,1,35,7454.069999999956,2,3,3,Loyal Customers
12474,17,18,7375.790000000002,2,3,3,Loyal Customers
12980,157,9,7374.9000000000015,2,0,0,Potential Customers
15465,19,18,7354.620000000001,2,3,3,Loyal Customers
17396,39,8,7330.800000000001,2,0,0,Potential Customers
12583,2,15,7281.379999999992,2,3,3,Loyal Customers
13018,16,28,7277.699999999997,2,3,3,Loyal Customers
18229,11,20,7276.900000000001,2,3,3,Loyal Customers
16923,12,19,7247.609999999979,2,3,3,Loyal Customers
16729,38,21,7239.919999999983,2,3,3,Loyal Customers
16745,86,17,7194.300000000005,2,3,3,Loyal Customers
16873,4,6,7123.619999999997,2,0,0,Potential Customers
13324,36,10,7121.949999999994,2,0,0,Potential Customers
13985,4,15,7060.130000000006,2,3,3,Loyal Customers
14961,10,9,7044.680000000001,2,0,0,Potential Customers
12766,3,7,6989.63,2,0,0,Potential Customers
12798,10,3,6977.04,2,0,0,Potential Customers
12989,3,15,6924.109999999996,2,3,3,Loyal Customers
16713,18,15,6923.130000000009,2,3,3,Loyal Customers
13027,113,6,6912.0,2,0,0,Potential Customers
16187,31,15,6911.44,2,3,3,Loyal Customers
17416,29,7,6893.420000000003,2,0,0,Potential Customers
12705,15,9,6868.290000000003,2,0,0,Potential Customers
12476,15,11,6816.4200000000055,2,0,0,Potential Customers
12830,37,6,6814.640000000001,2,0,0,Potential Customers
15023,3,11,6802.759999999989,2,0,0,Potential Customers
18055,7,10,6784.19,2,0,0,Potential Customers
15601,11,14,6776.559999999997,2,3,3,Loyal Customers
16652,58,7,6773.970000000001,2,0,0,Potential Customers
16532,17,3,6748.799999999999,2,0,0,Potential Customers
13576,10,18,6717.34,2,3,3,Loyal Customers
16746,4,18,6697.660000000009,2,3,3,Loyal Customers
15249,31,13,6688.4600000000055,2,3,3,Loyal Customers
16353,3,23,6675.709999999997,2,3,3,Loyal Customers
17338,17,8,6643.929999999995,2,0,0,Potential Customers
12626,23,9,6620.479999999997,2,0,0,Potential Customers
16182,72,4,6617.650000000001,2,0,0,Potential Customers
15144,8,17,6580.440000000008,2,3,3,Loyal Customers
12472,32,7,6572.110000000003,2,0,0,Potential Customers
16814,14,21,6509.100000000002,2,3,3,Loyal Customers
12431,35,15,6487.449999999999,2,3,3,Loyal Customers
18223,4,14,6484.540000000004,2,3,3,Loyal Customers
15694,0,14,6479.399999999999,2,3,3,Loyal Customers
13225,3,7,6463.840000000001,2,0,0,Potential Customers
13102,1,24,6424.09,2,3,3,Loyal Customers
13871,22,13,6403.250000000005,2,3,3,Loyal Customers
12359,57,4,6372.580000000007,2,0,0,Potential Customers
13668,2,21,6363.589999999983,2,3,3,Loyal Customers
13709,3,13,6328.050000000001,2,3,3,Loyal Customers
15005,15,28,6316.569999999993,2,3,3,Loyal Customers
17315,1,38,6292.259999999994,2,3,3,Loyal Customers
16126,29,4,6287.770000000003,2,0,0,Potential Customers
14057,23,17,6217.960000000003,2,3,3,Loyal Customers
12357,33,1,6207.669999999996,2,0,0,Potential Customers
14060,4,19,6140.419999999998,2,3,3,Loyal Customers
13418,11,18,6127.429999999998,2,3,3,Loyal Customers
17509,57,8,6115.140000000001,2,0,0,Potential Customers
15939,89,15,6115.009999999999,2,3,3,Loyal Customers
14735,3,32,6065.69,2,3,3,Loyal Customers
12637,67,8,6021.899999999999,2,0,0,Potential Customers
13097,32,10,6010.419999999994,2,0,0,Potential Customers
13316,37,4,5977.7300000000005,2,0,0,Potential Customers
14101,73,6,5976.790000000001,2,0,0,Potential Customers
15382,14,6,5955.710000000001,2,0,0,Potential Customers
14505,17,8,5905.639999999987,2,0,0,Potential Customers
14415,1,13,5900.279999999998,2,0,0,Potential Customers
14944,29,12,5900.250000000003,2,0,0,Potential Customers
13209,30,8,5891.609999999998,2,0,0,Potential Customers
13534,2,25,5870.080000000015,2,3,3,Loyal Customers
13050,14,17,5836.860000000001,2,3,3,Loyal Customers
12720,2,25,5781.730000000001,2,3,3,Loyal Customers
15218,10,11,5756.890000000001,2,0,0,Potential Customers
17686,7,7,5739.460000000008,2,0,0,Potential Customers
13178,26,11,5725.470000000005,2,0,0,Potential Customers
16553,163,12,5719.819999999999,2,0,0,Potential Customers
13468,1,37,5704.97,2,3,3,Loyal Customers
14110,3,12,5683.149999999999,2,0,0,Potential Customers
14049,16,4,5681.719999999995,2,0,0,Potential Customers
17049,2,9,5659.980000000005,2,0,0,Potential Customers
17716,22,11,5655.990000000002,2,0,0,Potential Customers
13004,11,18,5655.91,2,3,3,Loyal Customers
18118,10,26,5653.819999999972,2,3,3,Loyal Customers
14688,7,21,5630.869999999998,2,3,3,Loyal Customers
17757,1,30,5605.289999999994,2,3,3,Loyal Customers
12481,22,10,5596.320000000001,2,0,0,Potential Customers
12839,2,14,5591.420000000002,2,3,3,Loyal Customers
16767,30,11,5580.600000000001,2,0,0,Potential Customers
16161,1,19,5575.559999999994,2,3,3,Loyal Customers
12539,22,4,5568.349999999996,2,0,0,Potential Customers
15805,23,17,5528.479999999998,2,3,3,Loyal Customers
18225,3,12,5509.12,2,0,0,Potential Customers
16609,15,7,5493.460000000006,2,0,0,Potential Customers
16985,17,10,5464.120000000002,2,0,0,Potential Customers
16265,9,9,5447.000000000002,2,0,0,Potential Customers
18198,4,17,5425.560000000004,2,3,3,Loyal Customers
12490,5,10,5417.929999999999,2,0,0,Potential Customers
17809,16,12,5411.909999999998,2,0,0,Potential Customers
16701,8,13,5398.300000000002,2,0,0,Potential Customers
17719,37,15,5396.040000000003,2,3,3,Loyal Customers
17850,372,34,5391.210000000008,1,3,3,Loyal Customers
16303,25,3,5360.629999999999,2,0,0,Potential Customers
13269,1,15,5346.23,2,3,3,Loyal Customers
15150,17,10,5314.469999999995,2,0,0,Potential Customers
17730,3,13,5298.479999999998,2,0,0,Potential Customers
17061,73,11,5232.23,2,0,0,Potential Customers
18226,44,11,5228.050000000004,2,0,0,Potential Customers
12362,3,10,5226.230000000003,2,0,0,Potential Customers
15046,9,15,5213.77,2,3,3,Loyal Customers
16258,45,5,5203.509999999999,2,0,0,Potential Customers
13756,2,14,5189.519999999996,2,3,3,Loyal Customers
16191,2,13,5180.52,2,0,0,Potential Customers
15727,16,7,5178.960000000002,2,0,0,Potential Customers
17858,5,12,5155.659999999999,2,0,0,Potential Customers
13599,1,21,5153.669999999998,2,3,3,Loyal Customers
15903,9,7,5126.76,2,0,0,Potential Customers
13941,21,5,5112.96,2,0,0,Potential Customers
17602,2,6,5102.9699999999975,2,0,0,Potential Customers
16700,8,13,5076.550000000002,2,0,0,Potential Customers
14562,3,18,5074.77,2,3,3,Loyal Customers
15301,50,12,5070.349999999998,2,0,0,Potential Customers
13139,16,7,5064.940000000003,2,0,0,Potential Customers
12432,42,5,5059.3200000000015,2,0,0,Potential Customers
15719,32,13,5045.609999999998,2,0,0,Potential Customers
17426,8,6,5037.26,2,0,0,Potential Customers
14329,17,7,5014.840000000001,2,0,0,Potential Customers
14755,9,11,5010.279999999999,2,0,0,Potential Customers
12444,21,5,5005.460000000001,2,0,0,Potential Customers
15032,256,3,4959.1,1,2,2,Lost Customers
15547,7,14,4954.839999999989,2,3,3,Loyal Customers
12437,1,18,4951.409999999998,2,3,3,Loyal Customers
12700,7,4,4939.990000000007,2,0,0,Potential Customers
15786,46,3,4932.200000000001,2,0,0,Potential Customers
14709,15,13,4921.040000000006,2,0,0,Potential Customers
17133,15,7,4892.240000000001,2,0,0,Potential Customers
12664,8,9,4881.879999999999,2,0,0,Potential Customers
12688,113,1,4873.810000000002,2,0,0,Potential Customers
14292,7,9,4871.929999999999,2,0,0,Potential Customers
17652,25,12,4867.7199999999975,2,0,0,Potential Customers
15738,18,16,4812.419999999996,2,3,3,Loyal Customers
13013,1,13,4810.940000000001,2,0,0,Potential Customers
15555,12,16,4805.169999999991,2,3,3,Loyal Customers
17365,12,8,4801.559999999998,2,0,0,Potential Customers
15298,2,12,4799.9,2,0,0,Potential Customers
15187,1,16,4777.180000000002,2,3,3,Loyal Customers
17690,30,15,4757.95,2,3,3,Loyal Customers
12955,1,11,4757.159999999999,2,0,0,Potential Customers
14180,10,25,4748.519999999997,2,3,3,Loyal Customers
15152,9,13,4745.6900000000005,2,0,0,Potential Customers
16722,17,13,4730.81,2,0,0,Potential Customers
12714,9,5,4708.859999999999,2,0,0,Potential Customers
14159,19,11,4693.009999999988,2,0,0,Potential Customers
14135,1,15,4690.31,2,3,3,Loyal Customers
14191,1,13,4684.760000000002,2,0,0,Potential Customers
15291,25,15,4668.300000000002,2,3,3,Loyal Customers
14189,2,15,4654.079999999998,2,3,3,Loyal Customers
14390,10,9,4652.820000000003,2,0,0,Potential Customers
14286,23,3,4628.749999999996,2,0,0,Potential Customers
16931,5,21,4604.21999999999,2,3,3,Loyal Customers
13802,138,3,4599.42,2,0,0,Potential Customers
15093,18,6,4597.019999999998,2,0,0,Potential Customers
14004,43,7,4582.64,2,0,0,Potential Customers
17613,22,14,4559.15,2,3,3,Loyal Customers
17068,12,21,4552.140000000004,2,3,3,Loyal Customers
12484,32,6,4541.720000000001,2,0,0,Potential Customers
13267,2,19,4521.490000000001,2,3,3,Loyal Customers
15299,67,7,4507.01,2,0,0,Potential Customers
17975,15,13,4488.810000000003,2,0,0,Potential Customers
12524,9,8,4485.72,2,0,0,Potential Customers
14426,23,10,4481.670000000001,2,0,0,Potential Customers
16984,88,2,4481.349999999996,2,0,0,Potential Customers
17364,0,11,4481.179999999996,2,0,0,Potential Customers
12627,10,7,4478.53,2,0,0,Potential Customers
14085,2,18,4448.54,2,3,3,Loyal Customers
14534,2,18,4447.049999999999,2,3,3,Loyal Customers
13069,0,24,4436.119999999998,2,3,3,Loyal Customers
15955,24,14,4416.260000000003,2,3,3,Loyal Customers
16626,0,17,4413.100000000002,2,3,3,Loyal Customers
15874,63,7,4405.879999999999,2,0,0,Potential Customers
12712,28,13,4396.129999999999,2,0,0,Potential Customers
13505,72,4,4393.629999999999,2,0,0,Potential Customers
12752,81,1,4366.78,2,0,0,Potential Customers
16945,21,19,4345.500000000008,2,3,3,Loyal Customers
14016,161,4,4341.209999999999,1,2,2,Lost Customers
14800,47,12,4339.74,2,0,0,Potential Customers
14525,19,9,4332.199999999995,2,0,0,Potential Customers
17567,7,8,4331.48,2,0,0,Potential Customers
18251,87,1,4314.719999999999,2,0,0,Potential Customers
12347,2,7,4309.999999999997,2,0,0,Potential Customers
15034,15,8,4308.609999999997,2,0,0,Potential Customers
17937,8,7,4301.22,2,0,0,Potential Customers
14422,0,6,4263.639999999997,2,0,0,Potential Customers
12500,23,11,4257.820000000001,2,0,0,Potential Customers
17419,11,12,4226.570000000001,2,0,0,Potential Customers
14277,15,3,4216.2,2,0,0,Potential Customers
15804,0,13,4206.389999999998,2,0,0,Potential Customers
17920,4,17,4204.0999999999885,2,3,3,Loyal Customers
15971,17,12,4199.85,2,0,0,Potential Customers
12747,2,11,4196.010000000001,2,0,0,Potential Customers
14146,8,5,4191.0,2,0,0,Potential Customers
18041,11,21,4183.389999999996,2,3,3,Loyal Customers
12949,30,8,4167.220000000002,2,0,0,Potential Customers
15570,7,12,4165.52,2,0,0,Potential Customers
16549,10,10,4154.639999999994,2,0,0,Potential Customers
13384,30,7,4151.93,2,0,0,Potential Customers
13555,73,4,4149.280000000002,2,0,0,Potential Customers
13988,19,6,4147.96,2,0,0,Potential Customers
15514,12,11,4139.460000000003,2,0,0,Potential Customers
12569,2,32,4124.69,2,3,3,Loyal Customers
16592,4,16,4113.679999999999,2,3,3,Loyal Customers
17940,49,10,4106.4400000000005,2,0,0,Potential Customers
17377,23,20,4100.919999999995,2,3,3,Loyal Customers
16401,1,12,4098.32,2,0,0,Potential Customers
16670,16,11,4095.900000000002,2,0,0,Potential Customers
12749,3,5,4090.880000000001,2,0,0,Potential Customers
14092,7,14,4076.910000000003,2,3,3,Loyal Customers
12449,22,4,4067.290000000001,2,0,0,Potential Customers
18087,98,2,4055.72,2,0,0,Potential Customers
14401,4,13,4051.479999999998,2,0,0,Potential Customers
12656,17,5,4051.170000000002,2,0,0,Potential Customers
12867,26,7,4036.819999999995,2,0,0,Potential Customers
13815,22,4,4027.36,2,0,0,Potential Customers
12841,4,25,4022.3499999999967,2,3,3,Loyal Customers
12957,9,8,4017.540000000003,2,0,0,Potential Customers
12378,129,1,4008.62,2,0,0,Potential Customers
14547,3,8,4007.539999999999,2,0,0,Potential Customers
16186,22,12,4006.9400000000014,2,0,0,Potential Customers
17769,12,10,3997.98,2,0,0,Potential Customers
15529,22,11,3995.2299999999977,2,0,0,Potential Customers
17001,0,11,3989.570000000001,2,0,0,Potential Customers
15416,64,4,3984.32,2,0,0,Potential Customers
17611,7,15,3984.2199999999993,2,3,3,Loyal Customers
12779,37,8,3981.360000000003,2,0,0,Potential Customers
12727,10,7,3980.7,2,0,0,Potential Customers
14299,8,9,3965.6199999999967,2,0,0,Potential Customers
13523,33,5,3964.880000000001,2,0,0,Potential Customers
13183,7,9,3957.780000000001,2,0,0,Potential Customers
17651,11,10,3945.000000000001,2,0,0,Potential Customers
12473,29,5,3938.55,2,0,0,Potential Customers
17593,3,5,3927.339999999999,2,0,0,Potential Customers
14739,4,7,3902.28,2,0,0,Potential Customers
13999,10,12,3901.810000000003,2,0,0,Potential Customers
14291,1,11,3883.249999999998,2,0,0,Potential Customers
18073,114,12,3877.520000000001,2,0,0,Potential Customers
13124,89,3,3866.329999999998,2,0,0,Potential Customers
15195,2,1,3861.0,2,0,0,Potential Customers
16717,23,6,3858.379999999999,2,0,0,Potential Customers
12662,0,11,3849.7799999999975,2,0,0,Potential Customers
16327,14,6,3844.2199999999993,2,0,0,Potential Customers
13266,11,12,3834.26,2,0,0,Potential Customers
17091,2,9,3827.760000000002,2,0,0,Potential Customers
15867,5,15,3812.6399999999994,2,3,3,Loyal Customers
12755,280,2,3811.95,1,2,2,Lost Customers
12597,19,4,3811.2200000000016,2,0,0,Potential Customers
13435,5,7,3809.889999999999,2,0,0,Potential Customers
12668,11,4,3807.150000000002,2,0,0,Potential Customers
16145,8,11,3799.4899999999952,2,0,0,Potential Customers
16655,17,6,3794.519999999997,2,0,0,Potential Customers
16168,10,27,3787.600000000001,2,3,3,Loyal Customers
16019,46,9,3786.239999999999,2,0,0,Potential Customers
12562,8,7,3781.7400000000016,2,0,0,Potential Customers
17173,5,8,3766.599999999999,2,0,0,Potential Customers
16904,4,16,3754.269999999999,2,3,3,Loyal Customers
12429,9,4,3750.400000000001,2,0,0,Potential Customers
17238,2,17,3744.65,2,3,3,Loyal Customers
14145,46,4,3742.2,2,0,0,Potential Customers
13552,66,12,3740.070000000001,2,0,0,Potential Customers
16570,15,10,3738.400000000001,2,0,0,Potential Customers
15808,306,4,3734.9700000000016,1,2,2,Lost Customers
14282,3,15,3729.340000000004,2,3,3,Loyal Customers
12502,95,5,3723.870000000001,2,0,0,Potential Customers
12647,22,12,3722.8200000000006,2,0,0,Potential Customers
13680,1,4,3722.4200000000014,2,0,0,Potential Customers
16240,24,2,3718.8000000000006,2,0,0,Potential Customers
14364,108,8,3717.349999999999,2,0,0,Potential Customers
15845,17,8,3711.769999999999,2,0,0,Potential Customers
15622,43,9,3709.560000000002,2,0,0,Potential Customers
13148,29,12,3707.120000000001,2,0,0,Potential Customers
17819,71,7,3704.869999999999,2,0,0,Potential Customers
15379,169,7,3703.289999999999,1,2,2,Lost Customers
12553,8,10,3692.280000000001,2,0,0,Potential Customers
16253,66,2,3683.8599999999983,2,0,0,Potential Customers
15581,120,13,3679.97,2,0,0,Potential Customers
15296,50,6,3672.86,2,0,0,Potential Customers
18079,45,4,3651.969999999998,2,0,0,Potential Customers
13137,10,8,3650.4100000000008,2,0,0,Potential Customers
12417,3,9,3649.100000000001,2,0,0,Potential Customers
16712,9,11,3645.429999999996,2,0,0,Potential Customers
13426,0,10,3641.319999999998,2,0,0,Potential Customers
12619,16,9,3641.2400000000007,2,0,0,Potential Customers
16440,7,5,3640.669999999999,2,0,0,Potential Customers
13381,31,6,3639.31,2,0,0,Potential Customers
17230,264,8,3638.41,1,2,2,Lost Customers
14543,28,16,3630.330000000001,2,3,3,Loyal Customers
17528,1,8,3628.500000000002,2,0,0,Potential Customers
13327,38,8,3627.769999999998,2,0,0,Potential Customers
13520,58,6,3624.35,2,0,0,Potential Customers
17576,8,19,3622.679999999998,2,3,3,Loyal Customers
14040,40,12,3614.92,2,0,0,Potential Customers
13082,126,9,3613.63,2,0,0,Potential Customers
15505,52,5,3610.960000000001,2,0,0,Potential Customers
15113,9,3,3609.330000000001,2,0,0,Potential Customers
16242,8,7,3603.2100000000014,2,0,0,Potential Customers
15484,1,4,3594.3099999999995,2,0,0,Potential Customers
14132,2,11,3586.030000000001,2,0,0,Potential Customers
17203,35,6,3563.849999999999,2,0,0,Potential Customers
17491,1,10,3558.8700000000003,2,0,0,Potential Customers
15544,9,9,3546.709999999995,2,0,0,Potential Customers
12370,51,4,3545.6899999999987,2,0,0,Potential Customers
14503,3,6,3543.2600000000025,2,0,0,Potential Customers
13448,16,6,3539.370000000001,2,0,0,Potential Customers
13334,82,3,3536.82,2,0,0,Potential Customers
12454,56,1,3528.34,2,0,0,Potential Customers
17160,31,6,3518.029999999999,2,0,0,Potential Customers
13953,7,7,3515.6800000000003,2,0,0,Potential Customers
16360,4,6,3512.5299999999997,2,0,0,Potential Customers
14395,2,9,3507.709999999999,2,0,0,Potential Customers
16131,51,6,3506.5400000000013,2,0,0,Potential Customers
14907,3,7,3501.0999999999976,2,0,0,Potential Customers
16458,2,18,3482.74,2,3,3,Loyal Customers
13993,42,9,3466.36,2,0,0,Potential Customers
13014,10,10,3466.28,2,0,0,Potential Customers
17758,19,8,3456.7,2,0,0,Potential Customers
15410,84,8,3450.840000000001,2,0,0,Potential Customers
13536,1,7,3448.289999999998,2,0,0,Potential Customers
15129,50,11,3447.4,2,0,0,Potential Customers
15974,39,7,3442.1500000000005,2,0,0,Potential Customers
17725,16,11,3439.080000000001,2,0,0,Potential Customers
15676,18,3,3435.7599999999984,2,0,0,Potential Customers
14221,42,9,3432.7999999999997,2,0,0,Potential Customers
12406,22,2,3415.3000000000006,2,0,0,Potential Customers
15981,24,8,3408.4799999999987,2,0,0,Potential Customers
13437,14,7,3408.0599999999986,2,0,0,Potential Customers
17669,42,7,3406.7200000000003,2,0,0,Potential Customers
13198,10,6,3401.239999999997,2,0,0,Potential Customers
15228,66,4,3386.71,2,0,0,Potential Customers
13842,58,9,3385.6199999999994,2,0,0,Potential Customers
15708,40,7,3364.239999999999,2,0,0,Potential Customers
16011,8,16,3362.7100000000023,2,3,3,Loyal Customers
14227,26,10,3350.9600000000014,2,0,0,Potential Customers
16818,10,11,3349.57,2,0,0,Potential Customers
16607,17,14,3347.710000000002,2,0,0,Potential Customers
17183,7,6,3347.309999999999,2,0,0,Potential Customers
13015,53,5,3346.280000000001,2,0,0,Potential Customers
12643,128,6,3344.6400000000003,2,0,0,Potential Customers
12613,57,5,3344.3799999999974,2,0,0,Potential Customers
12594,37,10,3338.219999999999,2,0,0,Potential Customers
16556,66,7,3313.79,2,0,0,Potential Customers
13373,60,3,3312.2500000000005,2,0,0,Potential Customers
14841,53,6,3295.76,2,0,0,Potential Customers
14702,1,17,3292.1399999999976,2,3,3,Loyal Customers
15632,15,8,3285.3100000000018,2,0,0,Potential Customers
12480,28,4,3281.630000000001,2,0,0,Potential Customers
15764,88,6,3279.97,2,0,0,Potential Customers
17723,127,6,3276.4,2,0,0,Potential Customers
13952,217,2,3251.0700000000006,1,2,2,Lost Customers
13047,31,10,3237.54,2,0,0,Potential Customers
15443,1,7,3236.909999999999,2,0,0,Potential Customers
17050,96,6,3228.8399999999992,2,0,0,Potential Customers
14175,59,3,3222.300000000001,2,0,0,Potential Customers
13880,21,13,3219.7700000000004,2,0,0,Potential Customers
13268,17,11,3214.6899999999982,2,0,0,Potential Customers
14388,10,8,3212.840000000004,2,0,0,Potential Customers
16107,17,7,3204.1599999999994,2,0,0,Potential Customers
17220,24,14,3198.2500000000023,2,0,0,Potential Customers
13868,7,2,3192.54,2,0,0,Potential Customers
17685,16,7,3191.53,2,0,0,Potential Customers
13758,11,7,3190.550000000001,2,0,0,Potential Customers
14844,63,4,3189.8099999999986,2,0,0,Potential Customers
12456,44,3,3181.0399999999977,2,0,0,Potential Customers
17672,50,2,3178.169999999997,2,0,0,Potential Customers
17231,12,10,3174.320000000002,2,0,0,Potential Customers
16837,31,11,3170.980000000001,2,0,0,Potential Customers
16041,30,3,3166.4,2,0,0,Potential Customers
15861,12,8,3165.360000000002,2,0,0,Potential Customers
17863,59,6,3159.9999999999995,2,0,0,Potential Customers
15065,37,4,3158.130000000001,2,0,0,Potential Customers
14235,75,5,3144.859999999999,2,0,0,Potential Customers
13742,16,12,3131.019999999999,2,0,0,Potential Customers
16156,8,9,3122.0400000000013,2,0,0,Potential Customers
13685,2,7,3119.4400000000014,2,0,0,Potential Customers
16326,5,14,3110.960000000004,2,0,0,Potential Customers
16678,2,12,3109.9900000000007,2,0,0,Potential Customers
13869,123,4,3104.9500000000003,2,0,0,Potential Customers
14099,16,11,3104.17,2,0,0,Potential Customers
16905,5,7,3102.4300000000003,2,0,0,Potential Customers
15491,95,6,3100.0900000000006,2,0,0,Potential Customers
14257,64,5,3099.72,2,0,0,Potential Customers
14565,95,4,3099.1200000000003,2,0,0,Potential Customers
13135,196,1,3096.0,1,2,2,Lost Customers
17059,29,5,3095.0400000000004,2,0,0,Potential Customers
13362,9,4,3090.739999999999,2,0,0,Potential Customers
15998,36,5,3089.9700000000003,2,0,0,Potential Customers
16218,29,7,3084.680000000001,2,0,0,Potential Customers
18272,2,6,3078.5800000000004,2,0,0,Potential Customers
12910,23,8,3075.0400000000013,2,0,0,Potential Customers
13631,99,11,3070.42,2,0,0,Potential Customers
16686,47,7,3062.83,2,0,0,Potential Customers
14456,5,9,3062.399999999999,2,0,0,Potential Customers
17799,22,10,3055.9299999999976,2,0,0,Potential Customers
16940,52,3,3049.880000000002,2,0,0,Potential Customers
16393,2,13,3046.2100000000014,2,0,0,Potential Customers
16709,84,5,3029.8700000000003,2,0,0,Potential Customers
12598,9,8,3023.0799999999986,2,0,0,Potential Customers
12395,19,12,3018.6299999999983,2,0,0,Potential Customers
18094,81,7,3017.2999999999997,2,0,0,Potential Customers
12754,235,3,3010.7400000000016,1,2,2,Lost Customers
12916,138,4,3006.1500000000005,2,0,0,Potential Customers
15521,40,8,3000.2000000000007,2,0,0,Potential Customers
17659,17,12,2999.460000000001,2,0,0,Potential Customers
17504,206,9,2997.0300000000007,1,2,2,Lost Customers
12670,10,5,2996.05,2,0,0,Potential Customers
14307,88,6,2995.72,2,0,0,Potential Customers
15687,8,9,2993.0999999999995,2,0,0,Potential Customers
14639,52,6,2984.490000000002,2,0,0,Potential Customers
13451,26,5,2976.149999999998,2,0,0,Potential Customers
14032,2,11,2975.5900000000006,2,0,0,Potential Customers
15854,4,12,2974.6499999999974,2,0,0,Potential Customers
16497,49,6,2965.690000000001,2,0,0,Potential Customers
17924,11,7,2962.5,2,0,0,Potential Customers
14868,3,8,2953.5900000000024,2,0,0,Potential Customers
17084,35,2,2949.750000000001,2,0,0,Potential Customers
17444,147,3,2940.0399999999986,1,0,0,Potential Customers
16316,64,8,2938.910000000001,2,0,0,Potential Customers
14530,25,6,2925.9100000000017,2,0,0,Potential Customers
17512,28,10,2924.9900000000007,2,0,0,Potential Customers
15606,61,9,2920.1600000000003,2,0,0,Potential Customers
12906,11,5,2919.8099999999995,2,0,0,Potential Customers
14112,22,7,2915.149999999999,2,0,0,Potential Customers
12438,14,2,2906.85,2,0,0,Potential Customers
17644,1,11,2895.6399999999994,2,0,0,Potential Customers
18144,7,12,2888.750000000001,2,0,0,Potential Customers
12408,32,5,2888.550000000001,2,0,0,Potential Customers
13735,24,4,2885.239999999997,2,0,0,Potential Customers
16633,17,6,2883.1000000000004,2,0,0,Potential Customers
15673,88,4,2881.0200000000013,2,0,0,Potential Customers
14251,1,5,2879.7,2,0,0,Potential Customers
17728,3,3,2876.010000000002,2,0,0,Potential Customers
14005,9,5,2874.720000000001,2,0,0,Potential Customers
15628,4,9,2870.24,2,0,0,Potential Customers
14711,10,11,2868.799999999997,2,0,0,Potential Customers
13901,72,5,2867.2,2,0,0,Potential Customers
14535,60,3,2864.190000000004,2,0,0,Potential Customers
12685,28,6,2863.080000000001,2,0,0,Potential Customers
18145,12,4,2861.5500000000006,2,0,0,Potential Customers
16928,80,17,2847.599999999998,2,3,3,Loyal Customers
15984,2,10,2837.6700000000005,2,0,0,Potential Customers
14852,58,6,2836.689999999998,2,0,0,Potential Customers
14572,3,7,2832.840000000001,2,0,0,Potential Customers
17596,23,7,2827.929999999998,2,0,0,Potential Customers
14842,43,4,2824.69,2,0,0,Potential Customers
13174,16,3,2817.03,2,0,0,Potential Customers
16871,22,6,2812.34,2,0,0,Potential Customers
12356,22,3,2811.4300000000007,2,0,0,Potential Customers
14903,21,5,2810.63,2,0,0,Potential Customers
18230,9,7,2810.2,2,0,0,Potential Customers
13230,4,14,2806.970000000001,2,0,0,Potential Customers
16081,56,5,2806.9000000000005,2,0,0,Potential Customers
16764,3,13,2799.2500000000027,2,0,0,Potential Customers
15993,8,7,2797.5700000000006,2,0,0,Potential Customers
13769,2,10,2796.51,2,0,0,Potential Customers
12578,21,2,2794.510000000001,2,0,0,Potential Customers
12758,116,2,2791.59,2,0,0,Potential Customers
17739,11,7,2791.35,2,0,0,Potential Customers
14626,23,4,2791.269999999999,2,0,0,Potential Customers
17213,40,7,2781.229999999999,2,0,0,Potential Customers
12388,15,6,2780.6600000000008,2,0,0,Potential Customers
14121,3,4,2780.1500000000005,2,0,0,Potential Customers
17838,26,5,2779.299999999999,2,0,0,Potential Customers
13870,2,8,2770.940000000001,2,0,0,Potential Customers
15356,31,10,2766.5,2,0,0,Potential Customers
15114,30,10,2760.559999999998,2,0,0,Potential Customers
14854,78,7,2759.8300000000004,2,0,0,Potential Customers
13971,18,8,2758.26,2,0,0,Potential Customers
15321,70,3,2748.3100000000004,2,0,0,Potential Customers
12669,150,3,2744.03,1,2,2,Lost Customers
14808,39,8,2741.1699999999987,2,0,0,Potential Customers
14125,10,3,2740.430000000001,2,0,0,Potential Customers
15696,33,8,2736.4600000000005,2,0,0,Potential Customers
16938,8,4,2736.3800000000024,2,0,0,Potential Customers
16003,29,5,2735.3700000000003,2,0,0,Potential Customers
12840,143,4,2726.769999999999,2,0,0,Potential Customers
12380,21,4,2724.8099999999995,2,0,0,Potential Customers
12708,29,10,2712.9100000000008,2,0,0,Potential Customers
15796,1,8,2711.56,2,0,0,Potential Customers
17069,28,9,2709.7000000000003,2,0,0,Potential Customers
13285,23,4,2709.1199999999994,2,0,0,Potential Customers
13654,43,6,2707.3299999999977,2,0,0,Potential Customers
14107,51,7,2703.2300000000005,2,0,0,Potential Customers
14732,8,8,2702.49,2,0,0,Potential Customers
18097,7,6,2697.8000000000006,2,0,0,Potential Customers
17386,7,6,2686.42,2,0,0,Potential Customers
12625,211,2,2683.819999999999,1,2,2,Lost Customers
17346,3,15,2676.5600000000004,2,3,3,Loyal Customers
13883,10,5,2674.48,2,0,0,Potential Customers
14713,9,11,2666.3599999999988,2,0,0,Potential Customers
12360,52,3,2662.0600000000004,2,0,0,Potential Customers
14439,319,1,2661.2400000000007,1,2,2,Lost Customers
15671,18,7,2657.130000000001,2,0,0,Potential Customers
12721,31,6,2656.130000000001,2,0,0,Potential Customers
13851,95,3,2651.46,2,0,0,Potential Customers
16618,31,5,2647.5900000000006,2,0,0,Potential Customers
18260,172,6,2643.2000000000007,1,2,2,Lost Customers
13658,9,5,2639.1700000000037,2,0,0,Potential Customers
17655,10,7,2638.940000000002,2,0,0,Potential Customers
15752,39,7,2637.3800000000024,2,0,0,Potential Customers
13804,30,7,2635.7900000000004,2,0,0,Potential Customers
13771,64,4,2634.450000000001,2,0,0,Potential Customers
12520,79,5,2634.26,2,0,0,Potential Customers
17402,4,13,2633.85,2,0,0,Potential Customers
18077,8,11,2633.0099999999984,2,0,0,Potential Customers
13422,64,1,2626.3,2,0,0,Potential Customers
13644,16,4,2624.2600000000007,2,0,0,Potential Customers
17965,37,14,2622.569999999997,2,0,0,Potential Customers
18210,1,6,2621.38,2,0,0,Potential Customers
16255,16,8,2619.91,2,0,0,Potential Customers
14262,8,8,2618.2300000000014,2,0,0,Potential Customers
13021,4,9,2616.38,2,0,0,Potential Customers
15782,9,3,2614.74,2,0,0,Potential Customers
14397,2,19,2612.96,2,3,3,Loyal Customers
12836,59,4,2612.859999999999,2,0,0,Potential Customers
18075,23,10,2611.7500000000005,2,0,0,Potential Customers
12726,28,7,2609.1,2,0,0,Potential Customers
16241,9,13,2607.8700000000063,2,0,0,Potential Customers
13136,56,5,2607.6100000000006,2,0,0,Potential Customers
14408,10,7,2606.53,2,0,0,Potential Customers
13983,29,12,2603.43,2,0,0,Potential Customers
17317,46,3,2600.34,2,0,0,Potential Customers
12600,28,10,2599.0400000000004,2,0,0,Potential Customers
16919,156,11,2596.45,2,0,0,Potential Customers
13895,28,4,2593.0699999999997,2,0,0,Potential Customers
14243,8,10,2588.7699999999986,2,0,0,Potential Customers
15033,4,10,2586.6700000000005,2,0,0,Potential Customers
13911,57,9,2580.9100000000008,2,0,0,Potential Customers
14546,5,5,2578.090000000003,2,0,0,Potential Customers
16912,28,11,2575.380000000001,2,0,0,Potential Customers
15485,30,3,2575.0000000000005,2,0,0,Potential Customers
18245,7,7,2567.0599999999986,2,0,0,Potential Customers
16308,37,4,2560.0,2,0,0,Potential Customers
15572,4,7,2552.86,2,0,0,Potential Customers
14334,16,8,2552.2100000000005,2,0,0,Potential Customers
14701,10,9,2549.369999999999,2,0,0,Potential Customers
14676,31,6,2548.24,2,0,0,Potential Customers
13344,67,3,2543.720000000001,2,0,0,Potential Customers
14776,51,11,2538.2999999999997,2,0,0,Potential Customers
17700,16,4,2534.6399999999994,2,0,0,Potential Customers
13471,1,4,2531.5800000000004,2,0,0,Potential Customers
14659,8,9,2529.9300000000007,2,0,0,Potential Customers
17314,24,8,2527.9200000000005,2,0,0,Potential Customers
13975,31,6,2526.279999999999,2,0,0,Potential Customers
17449,2,7,2520.86,2,0,0,Potential Customers
13394,1,8,2520.019999999998,2,0,0,Potential Customers
15245,134,3,2515.840000000001,2,0,0,Potential Customers
15271,7,15,2507.0700000000024,2,3,3,Loyal Customers
12352,36,8,2506.0400000000013,2,0,0,Potential Customers
13695,31,15,2504.1299999999987,2,3,3,Loyal Customers
12517,28,5,2502.84,2,0,0,Potential Customers
15932,4,8,2495.870000000001,2,0,0,Potential Customers
16477,63,7,2494.46,2,0,0,Potential Customers
12483,17,8,2484.9800000000014,2,0,0,Potential Customers
12913,4,5,2483.63,2,0,0,Potential Customers
16710,19,10,2483.0399999999986,2,0,0,Potential Customers
14315,44,6,2481.129999999999,2,0,0,Potential Customers
13507,3,4,2479.159999999999,2,0,0,Potential Customers
13588,15,9,2478.9499999999985,2,0,0,Potential Customers
17682,10,6,2474.33,2,0,0,Potential Customers
17188,11,7,2474.23,2,0,0,Potential Customers
14766,8,6,2473.3700000000003,2,0,0,Potential Customers
14502,19,11,2470.67,2,0,0,Potential Customers
17164,32,7,2467.3500000000004,2,0,0,Potential Customers
12455,73,6,2466.859999999997,2,0,0,Potential Customers
15750,2,8,2465.479999999999,2,0,0,Potential Customers
17131,5,5,2463.17,2,0,0,Potential Customers
13784,9,11,2462.79,2,0,0,Potential Customers
15674,73,5,2446.6000000000017,2,0,0,Potential Customers
14163,87,4,2445.9100000000008,2,0,0,Potential Customers
15527,18,8,2429.7799999999997,2,0,0,Potential Customers
17071,28,9,2429.03,2,0,0,Potential Customers
13949,2,6,2427.319999999997,2,0,0,Potential Customers
16143,3,6,2424.94,2,0,0,Potential Customers
17722,96,4,2424.039999999999,2,0,0,Potential Customers
15089,10,6,2420.840000000002,2,0,0,Potential Customers
15373,8,12,2415.9100000000008,2,0,0,Potential Customers
12397,35,2,2409.899999999999,2,0,0,Potential Customers
17589,60,4,2404.170000000001,2,0,0,Potential Customers
15980,88,3,2398.86,2,0,0,Potential Customers
18065,5,14,2392.8300000000004,2,0,0,Potential Customers
13141,84,5,2388.7499999999995,2,0,0,Potential Customers
15370,40,7,2386.0500000000006,2,0,0,Potential Customers
17530,1,10,2385.000000000001,2,0,0,Potential Customers
14493,7,5,2383.24,2,0,0,Potential Customers
14554,10,4,2381.04,2,0,0,Potential Customers
14239,43,11,2380.8500000000004,2,0,0,Potential Customers
15270,15,7,2379.49,2,0,0,Potential Customers
13722,131,3,2375.4100000000008,2,0,0,Potential Customers
17434,2,7,2373.8200000000006,2,0,0,Potential Customers
14930,108,3,2372.860000000001,2,0,0,Potential Customers
13908,79,4,2369.55,2,0,0,Potential Customers
15755,10,6,2364.2500000000014,2,0,0,Potential Customers
12457,66,7,2363.23,2,0,0,Potential Customers
17634,36,9,2361.9700000000034,2,0,0,Potential Customers
14030,18,8,2360.09,2,0,0,Potential Customers
14440,8,5,2357.6800000000003,2,0,0,Potential Customers
15140,52,7,2354.2500000000005,2,0,0,Potential Customers
14309,8,9,2352.53,2,0,0,Potential Customers
12704,7,8,2340.8399999999992,2,0,0,Potential Customers
18259,24,3,2338.600000000001,2,0,0,Potential Customers
12584,3,9,2338.15,2,0,0,Potential Customers
18257,39,8,2337.63,2,0,0,Potential Customers
17954,5,12,2332.7200000000007,2,0,0,Potential Customers
15281,58,9,2332.15,2,0,0,Potential Customers
12782,4,5,2330.920000000001,2,0,0,Potential Customers
15785,32,5,2328.9700000000007,2,0,0,Potential Customers
17313,31,1,2328.84,2,0,0,Potential Customers
17744,3,6,2322.399999999999,2,0,0,Potential Customers
17211,26,8,2317.22,2,0,0,Potential Customers
14290,11,5,2314.65,2,0,0,Potential Customers
15365,25,7,2314.32,2,0,0,Potential Customers
13994,3,6,2313.1400000000003,2,0,0,Potential Customers
13704,5,9,2308.0599999999986,2,0,0,Potential Customers
15288,43,5,2306.519999999999,2,0,0,Potential Customers
16735,78,5,2300.5599999999995,2,0,0,Potential Customers
16550,108,5,2298.97,2,0,0,Potential Customers
15105,18,7,2298.930000000001,2,0,0,Potential Customers
13115,11,4,2294.78,2,0,0,Potential Customers
15704,140,4,2293.6200000000003,2,0,0,Potential Customers
12615,2,4,2291.1900000000005,2,0,0,Potential Customers
13527,33,7,2287.51,2,0,0,Potential Customers
17696,38,8,2285.7100000000005,2,0,0,Potential Customers
12684,7,7,2283.629999999999,2,0,0,Potential Customers
16782,10,13,2279.9,2,0,0,Potential Customers
13317,66,6,2273.6800000000003,2,0,0,Potential Customers
17768,8,3,2273.18,2,0,0,Potential Customers
14466,29,7,2272.4000000000005,2,0,0,Potential Customers
13700,26,10,2265.119999999999,2,0,0,Potential Customers
16057,16,7,2263.120000000001,2,0,0,Potential Customers
16209,88,5,2262.6199999999994,2,0,0,Potential Customers
14432,9,6,2255.509999999998,2,0,0,Potential Customers
16293,21,10,2248.99,2,0,0,Potential Customers
17442,36,6,2248.560000000001,2,0,0,Potential Customers
15235,217,12,2247.5100000000007,1,2,2,Lost Customers
16771,33,5,2246.8100000000013,2,0,0,Potential Customers
15665,168,2,2242.01,1,2,2,Lost Customers
14211,53,9,2241.1,2,0,0,Potential Customers
16743,29,7,2238.0900000000006,2,0,0,Potential Customers
14560,7,22,2237.770000000001,2,3,3,Loyal Customers
14700,32,3,2235.2999999999997,2,0,0,Potential Customers
16076,3,10,2234.729999999999,2,0,0,Potential Customers
15834,70,4,2233.749999999999,2,0,0,Potential Customers
18242,72,4,2232.49,2,0,0,Potential Customers
14226,28,5,2232.1900000000005,2,0,0,Potential Customers
14825,3,12,2226.909999999999,2,0,0,Potential Customers
17591,73,7,2225.97,2,0,0,Potential Customers
12783,2,6,2225.9100000000003,2,0,0,Potential Customers
13365,33,2,2225.3700000000017,2,0,0,Potential Customers
15722,35,5,2222.56,2,0,0,Potential Customers
15811,22,6,2218.6199999999985,2,0,0,Potential Customers
12876,57,2,2218.019999999999,2,0,0,Potential Customers
12653,148,2,2209.85,1,2,2,Lost Customers
13862,18,8,2209.3600000000006,2,0,0,Potential Customers
15797,113,4,2207.4,2,0,0,Potential Customers
15179,18,5,2206.9500000000003,2,0,0,Potential Customers
13831,16,6,2202.99,2,0,0,Potential Customers
17406,333,3,2200.42,1,2,2,Lost Customers
15123,7,2,2199.309999999998,2,0,0,Potential Customers
16628,29,5,2188.05,2,0,0,Potential Customers
15394,9,4,2183.5399999999995,2,0,0,Potential Customers
14341,45,8,2182.2799999999997,2,0,0,Potential Customers
12856,7,6,2179.930000000002,2,0,0,Potential Customers
12909,39,5,2178.67,2,0,0,Potential Customers
12501,336,1,2169.389999999999,1,2,2,Lost Customers
12633,58,4,2163.979999999999,2,0,0,Potential Customers
13755,3,9,2161.3500000000013,2,0,0,Potential Customers
12935,2,7,2160.7,2,0,0,Potential Customers
16456,99,5,2158.37,2,0,0,Potential Customers
14407,107,6,2157.73,2,0,0,Potential Customers
16379,4,4,2157.4,2,0,0,Potential Customers
13224,60,2,2155.9500000000003,2,0,0,Potential Customers
16966,8,7,2154.9700000000003,2,0,0,Potential Customers
17272,42,4,2148.630000000001,2,0,0,Potential Customers
14828,196,3,2139.76,1,2,2,Lost Customers
12560,5,3,2134.01,2,0,0,Potential Customers
17400,126,5,2129.960000000002,2,0,0,Potential Customers
13517,59,3,2128.42,2,0,0,Potential Customers
14360,31,4,2128.23,2,0,0,Potential Customers
16407,12,10,2126.9300000000007,2,0,0,Potential Customers
14640,24,6,2125.0799999999995,2,0,0,Potential Customers
15058,25,11,2124.9900000000016,2,0,0,Potential Customers
13632,24,5,2121.27,2,0,0,Potential Customers
18061,21,10,2119.4099999999994,2,0,0,Potential Customers
18008,70,9,2116.19,2,0,0,Potential Customers
14691,30,5,2114.33,2,0,0,Potential Customers
13265,53,5,2107.6600000000003,2,0,0,Potential Customers
18173,86,4,2106.84,2,0,0,Potential Customers
18093,93,4,2106.5199999999995,2,0,0,Potential Customers
14461,148,3,2103.0600000000004,1,2,2,Lost Customers
14515,17,6,2102.09,2,0,0,Potential Customers
17861,3,8,2100.8,2,0,0,Potential Customers
15815,63,5,2100.6,2,0,0,Potential Customers
13126,4,8,2099.6400000000003,2,0,0,Potential Customers
12610,22,5,2099.540000000001,2,0,0,Potential Customers
16875,67,5,2095.5300000000007,2,0,0,Potential Customers
17191,28,7,2095.130000000001,2,0,0,Potential Customers
18283,3,16,2094.8800000000024,2,3,3,Loyal Customers
14306,51,2,2093.32,2,0,0,Potential Customers
13571,12,12,2092.3200000000006,2,0,0,Potential Customers
17490,0,7,2092.32,2,0,0,Potential Customers
13297,7,4,2089.85,2,0,0,Potential Customers
18044,4,10,2088.6,2,0,0,Potential Customers
14810,40,11,2087.88,2,0,0,Potential Customers
16954,0,9,2085.0800000000004,2,0,0,Potential Customers
18231,192,5,2083.2700000000013,1,2,2,Lost Customers
14696,4,7,2078.95,2,0,0,Potential Customers
14209,10,6,2073.43,2,0,0,Potential Customers
18241,9,17,2073.090000000001,2,3,3,Loyal Customers
18219,2,10,2069.7700000000004,2,0,0,Potential Customers
14482,18,6,2068.150000000001,2,0,0,Potential Customers
12948,16,7,2064.9500000000003,2,0,0,Potential Customers
12928,35,5,2062.7,2,0,0,Potential Customers
16281,72,1,2062.06,2,0,0,Potential Customers
14409,71,6,2059.45,2,0,0,Potential Customers
12518,0,5,2056.8899999999994,2,0,0,Potential Customers
17667,66,5,2055.51,2,0,0,Potential Customers
14188,30,6,2054.36,2,0,0,Potential Customers
16150,42,5,2053.019999999999,2,0,0,Potential Customers
17086,7,6,2050.079999999999,2,0,0,Potential Customers
17612,53,6,2048.45,2,0,0,Potential Customers
14232,42,5,2048.07,2,0,0,Potential Customers
17625,18,4,2047.0000000000005,2,0,0,Potential Customers
13495,7,5,2044.8699999999997,2,0,0,Potential Customers
17597,213,1,2044.37,1,2,2,Lost Customers
17090,4,7,2043.9500000000007,2,0,0,Potential Customers
13450,26,6,2043.7200000000005,2,0,0,Potential Customers
14001,45,3,2043.08,2,0,0,Potential Customers
12585,234,2,2040.0999999999992,1,2,2,Lost Customers
13593,108,5,2037.0800000000008,2,0,0,Potential Customers
18069,26,5,2036.670000000001,2,0,0,Potential Customers
17846,85,1,2033.1,2,0,0,Potential Customers
13630,5,7,2031.78,2,0,0,Potential Customers
16409,36,5,2028.880000000002,2,0,0,Potential Customers
17337,151,4,2027.8700000000024,1,2,2,Lost Customers
16358,1,4,2027.4999999999989,2,0,0,Potential Customers
14544,24,2,2024.450000000001,2,0,0,Potential Customers
15341,80,1,2020.52,2,0,0,Potential Customers
14506,17,5,2012.1700000000012,2,0,0,Potential Customers
15531,8,2,2007.4399999999996,2,0,0,Potential Customers
15372,137,1,2007.4,2,0,0,Potential Customers
16098,87,7,2005.63,2,0,0,Potential Customers
14730,1,8,2005.060000000006,2,0,0,Potential Customers
14217,1,17,2004.98,2,3,3,Loyal Customers
14462,66,11,2004.0200000000004,2,0,0,Potential Customers
17082,33,2,2003.8499999999992,2,0,0,Potential Customers
16754,372,1,2002.4,1,2,2,Lost Customers
15493,32,5,2001.8000000000047,2,0,0,Potential Customers
18188,15,3,2001.04,2,0,0,Potential Customers
13305,4,10,2000.8599999999992,2,0,0,Potential Customers
16698,226,2,1998.0,1,2,2,Lost Customers
17827,5,5,1995.4600000000007,2,0,0,Potential Customers
18204,71,3,1993.7000000000005,2,0,0,Potential Customers
17679,52,2,1992.11,2,0,0,Potential Customers
17088,28,4,1991.0099999999995,2,0,0,Potential Customers
13246,18,6,1987.3000000000009,2,0,0,Potential Customers
13590,11,6,1981.92,2,0,0,Potential Customers
13725,49,8,1980.5600000000004,2,0,0,Potential Customers
17422,16,6,1979.3699999999997,2,0,0,Potential Customers
16341,24,4,1971.87,2,0,0,Potential Customers
17997,74,8,1970.6700000000028,2,0,0,Potential Customers
12674,38,4,1970.6000000000008,2,0,0,Potential Customers
17790,26,14,1965.5500000000009,2,0,0,Potential Customers
17218,4,10,1960.7200000000005,2,0,0,Potential Customers
15351,12,7,1960.110000000001,2,0,0,Potential Customers
14498,42,5,1957.32,2,0,0,Potential Customers
12853,134,6,1957.1,2,0,0,Potential Customers
17554,1,5,1952.45,2,0,0,Potential Customers
14533,24,7,1949.7200000000005,2,0,0,Potential Customers
14653,1,7,1947.5499999999995,2,0,0,Potential Customers
15814,16,4,1945.3300000000004,2,0,0,Potential Customers
15518,64,8,1942.4500000000007,2,0,0,Potential Customers
14418,3,3,1937.2500000000005,2,0,0,Potential Customers
14472,103,8,1936.8400000000013,2,0,0,Potential Customers
15864,22,6,1936.32,2,0,0,Potential Customers
15157,3,3,1936.07,2,0,0,Potential Customers
12528,9,6,1933.4800000000007,2,0,0,Potential Customers
14655,8,4,1932.23,2,0,0,Potential Customers
14978,72,5,1931.4200000000023,2,0,0,Potential Customers
16983,12,7,1931.2499999999995,2,0,0,Potential Customers
13094,21,12,1927.3199999999997,2,0,0,Potential Customers
16942,12,9,1920.5900000000013,2,0,0,Potential Customers
15021,8,9,1914.820000000003,2,0,0,Potential Customers
17368,23,8,1912.6700000000008,2,0,0,Potential Customers
14285,21,4,1910.0100000000004,2,0,0,Potential Customers
16426,2,10,1908.2500000000005,2,0,0,Potential Customers
17228,15,8,1906.090000000001,2,0,0,Potential Customers
14210,105,6,1905.8400000000004,2,0,0,Potential Customers
15819,49,4,1905.4500000000005,2,0,0,Potential Customers
14250,7,3,1904.0499999999995,2,0,0,Potential Customers
12762,7,2,1898.5200000000004,2,0,0,Potential Customers
17463,16,5,1896.410000000002,2,0,0,Potential Customers
17870,2,12,1894.3500000000024,2,0,0,Potential Customers
14934,81,2,1890.9400000000005,2,0,0,Potential Customers
12371,44,2,1887.9600000000005,2,0,0,Potential Customers
15641,105,4,1887.2000000000007,2,0,0,Potential Customers
16170,50,6,1885.05,2,0,0,Potential Customers
13890,1,10,1883.8099999999995,2,0,0,Potential Customers
16128,17,5,1880.2200000000005,2,0,0,Potential Customers
17738,19,4,1879.05,2,0,0,Potential Customers
15367,57,4,1877.5899999999997,2,0,0,Potential Customers
17293,8,9,1875.11,2,0,0,Potential Customers
16986,29,2,1873.2,2,0,0,Potential Customers
13982,39,4,1871.81,2,0,0,Potential Customers
16474,7,7,1871.5000000000016,2,0,0,Potential Customers
17469,16,5,1870.97,2,0,0,Potential Customers
16841,36,6,1869.8200000000008,2,0,0,Potential Customers
14524,31,9,1867.6800000000007,2,0,0,Potential Customers
17787,152,4,1865.19,1,2,2,Lost Customers
16201,3,4,1863.4699999999991,2,0,0,Potential Customers
14887,79,1,1862.0,2,0,0,Potential Customers
12423,0,8,1859.3100000000004,2,0,0,Potential Customers
17873,80,5,1859.1600000000008,2,0,0,Potential Customers
14305,71,3,1858.9599999999996,2,0,0,Potential Customers
12963,8,8,1856.63,2,0,0,Potential Customers
16979,3,6,1852.0,2,0,0,Potential Customers
13421,40,2,1851.0799999999997,2,0,0,Potential Customers
12383,184,5,1850.5599999999995,1,2,2,Lost Customers
12381,4,5,1845.310000000001,2,0,0,Potential Customers
17519,17,6,1844.02,2,0,0,Potential Customers
18180,4,6,1843.75,2,0,0,Potential Customers
12950,2,3,1843.0,2,0,0,Potential Customers
17015,28,3,1842.56,2,0,0,Potential Customers
16102,42,3,1842.14,2,0,0,Potential Customers
16455,63,7,1841.1800000000003,2,0,0,Potential Customers
14113,3,4,1840.4200000000003,2,0,0,Potential Customers
14216,3,4,1839.3,2,0,0,Potential Customers
13924,1,6,1838.85,2,0,0,Potential Customers
14459,155,1,1837.9200000000003,1,2,2,Lost Customers
18287,42,3,1837.28,2,0,0,Potential Customers
13650,16,6,1836.34,2,0,0,Potential Customers
15827,73,14,1836.0900000000008,2,0,0,Potential Customers
13048,14,4,1835.909999999999,2,0,0,Potential Customers
14665,60,5,1835.7,2,0,0,Potential Customers
16152,268,1,1829.04,1,2,2,Lost Customers
15203,25,6,1827.799999999998,2,0,0,Potential Customers
18122,8,6,1826.2100000000007,2,0,0,Potential Customers
17702,30,4,1824.37,2,0,0,Potential Customers
16153,49,5,1824.23,2,0,0,Potential Customers
17705,3,9,1823.5199999999995,2,0,0,Potential Customers
16169,8,4,1822.97,2,0,0,Potential Customers
17828,22,4,1820.0900000000004,2,0,0,Potential Customers
17629,5,8,1814.1200000000008,2,0,0,Potential Customers
15260,100,7,1810.77,2,0,0,Potential Customers
13481,45,5,1804.5599999999995,2,0,0,Potential Customers
17663,25,7,1802.91,2,0,0,Potential Customers
15812,107,5,1801.1400000000003,2,0,0,Potential Customers
16249,52,5,1800.0700000000006,2,0,0,Potential Customers
13562,81,3,1799.3299999999983,2,0,0,Potential Customers
13196,11,4,1797.7799999999995,2,0,0,Potential Customers
17750,5,9,1797.5699999999993,2,0,0,Potential Customers
17648,60,4,1797.5,2,0,0,Potential Customers
12348,75,4,1797.24,2,0,0,Potential Customers
18235,71,3,1796.48,2,0,0,Potential Customers
13134,85,4,1793.5799999999997,2,0,0,Potential Customers
18179,9,6,1793.1700000000008,2,0,0,Potential Customers
13510,1,4,1791.559999999998,2,0,0,Potential Customers
16719,14,7,1790.4200000000003,2,0,0,Potential Customers
12523,19,11,1789.770000000001,2,0,0,Potential Customers
14215,11,6,1789.7200000000007,2,0,0,Potential Customers
14621,1,5,1788.36,2,0,0,Potential Customers
13875,53,5,1786.7900000000002,2,0,0,Potential Customers
14608,4,4,1785.15,2,0,0,Potential Customers
14935,297,1,1784.7099999999998,1,2,2,Lost Customers
15050,25,3,1782.09,2,0,0,Potential Customers
16380,61,1,1780.59,2,0,0,Potential Customers
15220,51,6,1778.9599999999994,2,0,0,Potential Customers
17092,50,4,1777.7800000000004,2,0,0,Potential Customers
12645,33,4,1775.18,2,0,0,Potential Customers
17754,0,5,1772.2599999999993,2,0,0,Potential Customers
15594,15,5,1771.7800000000002,2,0,0,Potential Customers
15473,14,7,1771.2,2,0,0,Potential Customers
17813,14,5,1770.8800000000024,2,0,0,Potential Customers
14387,32,3,1770.5600000000006,2,0,0,Potential Customers
16681,72,6,1770.3400000000004,2,0,0,Potential Customers
13456,17,6,1766.7199999999996,2,0,0,Potential Customers
15950,31,4,1765.509999999999,2,0,0,Potential Customers
16751,30,1,1764.72,2,0,0,Potential Customers
12424,162,2,1760.9599999999996,1,2,2,Lost Customers
12823,74,5,1759.5,2,0,0,Potential Customers
12349,18,1,1757.5500000000002,2,0,0,Potential Customers
15241,66,8,1756.4400000000005,2,0,0,Potential Customers
16359,7,9,1750.9199999999994,2,0,0,Potential Customers
13564,144,3,1749.0200000000004,1,0,0,Potential Customers
13808,5,5,1747.6600000000003,2,0,0,Potential Customers
15067,78,3,1744.76,2,0,0,Potential Customers
13157,49,4,1741.2199999999991,2,0,0,Potential Customers
14595,19,6,1740.6,2,0,0,Potential Customers
17930,35,5,1740.48,2,0,0,Potential Customers
17353,129,2,1740.0,2,0,0,Potential Customers
17457,126,5,1737.7,2,0,0,Potential Customers
14673,3,5,1736.3999999999996,2,0,0,Potential Customers
17043,32,4,1735.1799999999998,2,0,0,Potential Customers
16791,29,7,1721.780000000001,2,0,0,Potential Customers
17451,1,7,1721.4,2,0,0,Potential Customers
14834,17,6,1720.3,2,0,0,Potential Customers
15267,22,5,1717.36,2,0,0,Potential Customers
17162,28,10,1715.4599999999998,2,0,0,Potential Customers
13763,63,1,1714.96,2,0,0,Potential Customers
17147,22,4,1714.59,2,0,0,Potential Customers
14441,0,4,1712.8900000000006,2,0,0,Potential Customers
12405,148,1,1710.3900000000003,1,2,2,Lost Customers
15947,82,1,1708.2400000000002,2,0,0,Potential Customers
12407,49,5,1708.1199999999994,2,0,0,Potential Customers
16902,116,1,1706.88,2,0,0,Potential Customers
15240,44,5,1706.57,2,0,0,Potential Customers
16398,154,2,1705.8000000000006,1,2,2,Lost Customers
17282,130,3,1703.4100000000003,2,0,0,Potential Customers
12843,65,8,1702.2600000000002,2,0,0,Potential Customers
16007,47,4,1701.939999999998,2,0,0,Potential Customers
13184,14,10,1701.290000000001,2,0,0,Potential Customers
17193,35,7,1699.3000000000004,2,0,0,Potential Customers
13824,32,5,1698.9399999999998,2,0,0,Potential Customers
16775,10,11,1695.6600000000026,2,0,0,Potential Customers
12764,316,1,1693.88,1,2,2,Lost Customers
14245,219,2,1693.4499999999996,1,2,2,Lost Customers
15549,77,3,1693.2600000000004,2,0,0,Potential Customers
16813,8,10,1692.980000000001,2,0,0,Potential Customers
16671,28,3,1692.27,2,0,0,Potential Customers
15380,8,5,1690.2599999999995,2,0,0,Potential Customers
17152,194,3,1689.5,1,2,2,Lost Customers
12635,89,2,1689.1800000000003,2,0,0,Potential Customers
13162,122,4,1688.2899999999995,2,0,0,Potential Customers
13577,25,4,1687.5999999999988,2,0,0,Potential Customers
16638,22,10,1680.72,2,0,0,Potential Customers
13647,9,4,1678.12,2,0,0,Potential Customers
13149,14,4,1676.0599999999995,2,0,0,Potential Customers
17656,73,5,1674.69,2,0,0,Potential Customers
16115,9,8,1667.9700000000018,2,0,0,Potential Customers
12912,2,5,1662.3,2,0,0,Potential Customers
12530,59,4,1662.2799999999995,2,0,0,Potential Customers
13012,9,8,1661.8400000000008,2,0,0,Potential Customers
15214,1,8,1661.44,2,0,0,Potential Customers
15024,9,10,1661.3300000000008,2,0,0,Potential Customers
15332,366,4,1661.06,1,2,2,Lost Customers
12967,358,2,1660.9,1,2,2,Lost Customers
14045,109,4,1659.75,2,0,0,Potential Customers
15953,15,8,1659.3800000000003,2,0,0,Potential Customers
15826,56,3,1654.3100000000002,2,0,0,Potential Customers
14573,179,9,1653.4200000000017,1,2,2,Lost Customers
17284,60,6,1652.5800000000015,2,0,0,Potential Customers
16711,3,5,1651.0299999999995,2,0,0,Potential Customers
14837,89,4,1649.500000000001,2,0,0,Potential Customers
13750,53,5,1647.2599999999995,2,0,0,Potential Customers
12657,11,4,1643.18,2,0,0,Potential Customers
15002,115,4,1641.7599999999995,2,0,0,Potential Customers
13627,59,5,1638.4700000000005,2,0,0,Potential Customers
12398,45,1,1635.6600000000008,2,0,0,Potential Customers
15122,114,3,1633.7799999999995,2,0,0,Potential Customers
14164,70,2,1631.77,2,0,0,Potential Customers
17673,1,6,1629.1200000000017,2,0,0,Potential Customers
12377,315,2,1628.12,1,2,2,Lost Customers
16515,52,5,1627.1300000000006,2,0,0,Potential Customers
14759,4,3,1625.9699999999998,2,0,0,Potential Customers
16987,3,7,1625.0500000000009,2,0,0,Potential Customers
13425,108,3,1624.2099999999996,2,0,0,Potential Customers
15172,8,5,1624.05,2,0,0,Potential Customers
14937,56,3,1621.88,2,0,0,Potential Customers
17101,10,4,1621.7299999999998,2,0,0,Potential Customers
14178,8,7,1620.9300000000003,2,0,0,Potential Customers
16801,163,4,1619.73,1,2,2,Lost Customers
18161,15,5,1618.6900000000005,2,0,0,Potential Customers
14336,16,4,1614.910000000001,2,0,0,Potential Customers
16992,10,5,1614.31,2,0,0,Potential Customers
15791,43,2,1612.69,2,0,0,Potential Customers
14312,46,6,1611.5899999999997,2,0,0,Potential Customers
13614,24,4,1610.4600000000007,2,0,0,Potential Customers
14918,115,2,1610.1499999999992,2,0,0,Potential Customers
12868,185,6,1607.0600000000009,1,2,2,Lost Customers
16817,2,9,1604.7500000000005,2,0,0,Potential Customers
12947,143,6,1603.9900000000005,2,0,0,Potential Customers
16466,33,7,1603.460000000001,2,0,0,Potential Customers
14719,1,5,1602.1300000000006,2,0,0,Potential Customers
14587,18,9,1601.1400000000008,2,0,0,Potential Customers
15660,25,9,1600.8599999999997,2,0,0,Potential Customers
16496,8,3,1599.5199999999998,2,0,0,Potential Customers
13850,129,1,1595.48,2,0,0,Potential Customers
17837,42,8,1593.380000000001,2,0,0,Potential Customers
16332,28,7,1593.200000000001,2,0,0,Potential Customers
16676,33,4,1592.1199999999997,2,0,0,Potential Customers
14970,68,4,1592.06,2,0,0,Potential Customers
15611,9,13,1591.4500000000005,2,0,0,Potential Customers
18178,128,4,1590.8099999999995,2,0,0,Potential Customers
14442,204,2,1589.82,1,2,2,Lost Customers
12393,72,4,1582.6000000000004,2,0,0,Potential Customers
15532,25,4,1580.9300000000028,2,0,0,Potential Customers
12607,60,1,1579.5099999999998,2,0,0,Potential Customers
13814,92,2,1579.1200000000003,2,0,0,Potential Customers
16889,194,3,1578.6699999999998,1,2,2,Lost Customers
13186,39,3,1575.8900000000003,2,0,0,Potential Customers
13634,33,5,1575.1600000000008,2,0,0,Potential Customers
13659,205,2,1573.2000000000007,1,2,2,Lost Customers
17671,15,4,1572.7100000000005,2,0,0,Potential Customers
16283,5,5,1570.8099999999995,2,0,0,Potential Customers
12865,26,2,1568.229999999999,2,0,0,Potential Customers
15906,19,7,1567.6900000000014,2,0,0,Potential Customers
15111,29,3,1567.4799999999998,2,0,0,Potential Customers
17085,123,5,1566.65,2,0,0,Potential Customers
17204,175,4,1564.56,1,2,2,Lost Customers
18239,218,5,1561.61,1,2,2,Lost Customers
14038,78,3,1560.3799999999983,2,0,0,Potential Customers
16394,56,5,1555.3400000000008,2,0,0,Potential Customers
13313,22,5,1555.3199999999993,2,0,0,Potential Customers
16369,18,3,1553.6600000000008,2,0,0,Potential Customers
15620,56,3,1553.1800000000003,2,0,0,Potential Customers
15117,14,5,1551.7800000000002,2,0,0,Potential Customers
13320,78,4,1548.7000000000005,2,0,0,Potential Customers
14229,51,3,1547.2,2,0,0,Potential Customers
14704,11,9,1546.9100000000003,2,0,0,Potential Customers
16790,3,6,1545.6199999999997,2,0,0,Potential Customers
13397,72,5,1544.1299999999997,2,0,0,Potential Customers
15701,2,4,1542.1400000000003,2,0,0,Potential Customers
12818,261,1,1542.0800000000002,1,2,2,Lost Customers
16365,17,9,1540.4200000000003,2,0,0,Potential Customers
17159,21,3,1538.88,2,0,0,Potential Customers
13849,51,2,1537.9499999999998,2,0,0,Potential Customers
12877,3,12,1535.7700000000004,2,0,0,Potential Customers
15392,4,4,1535.5299999999995,2,0,0,Potential Customers
15625,103,4,1534.26,2,0,0,Potential Customers
13107,44,4,1531.62,2,0,0,Potential Customers
12759,52,3,1531.4400000000005,2,0,0,Potential Customers
14321,10,5,1530.7499999999995,2,0,0,Potential Customers
14567,56,2,1530.3600000000006,2,0,0,Potential Customers
15916,16,8,1528.0900000000006,2,0,0,Potential Customers
16244,211,2,1522.7500000000005,1,2,2,Lost Customers
16434,29,7,1522.2500000000011,2,0,0,Potential Customers
16066,16,5,1521.8700000000003,2,0,0,Potential Customers
13764,70,3,1521.7600000000002,2,0,0,Potential Customers
13213,56,5,1520.5800000000002,2,0,0,Potential Customers
16880,30,7,1519.0800000000002,2,0,0,Potential Customers
14267,162,3,1516.2399999999998,1,2,2,Lost Customers
13791,127,2,1516.0,2,0,0,Potential Customers
16748,17,5,1515.8999999999992,2,0,0,Potential Customers
16053,32,2,1511.95,2,0,0,Potential Customers
16910,4,8,1510.0600000000018,2,0,0,Potential Customers
16279,21,3,1509.58,2,0,0,Potential Customers
16016,3,8,1508.7600000000016,2,0,0,Potential Customers
15265,151,2,1506.12,1,2,2,Lost Customers
12937,15,4,1504.2699999999993,2,0,0,Potential Customers
15530,21,4,1502.35,2,0,0,Potential Customers
16762,19,3,1501.3799999999997,2,0,0,Potential Customers
13810,28,3,1499.01,2,0,0,Potential Customers
17571,50,4,1498.5100000000025,2,0,0,Potential Customers
14414,91,7,1496.9800000000005,2,0,0,Potential Customers
16755,114,3,1496.8300000000004,2,0,0,Potential Customers
17002,85,3,1493.7299999999998,2,0,0,Potential Customers
15057,275,2,1489.5,1,2,2,Lost Customers
13110,31,7,1488.670000000001,2,0,0,Potential Customers
13692,24,3,1488.3200000000002,2,0,0,Potential Customers
14963,9,5,1487.8000000000018,2,0,0,Potential Customers
17553,129,1,1487.6,2,0,0,Potential Customers
16395,60,5,1486.9000000000003,2,0,0,Potential Customers
14878,12,9,1485.5400000000009,2,0,0,Potential Customers
14758,144,4,1484.0599999999995,2,0,0,Potential Customers
18016,32,5,1483.5599999999995,2,0,0,Potential Customers
15427,33,3,1483.1399999999996,2,0,0,Potential Customers
17590,2,3,1479.2199999999996,2,0,0,Potential Customers
14403,130,4,1475.8100000000002,2,0,0,Potential Customers
15983,22,4,1475.0199999999998,2,0,0,Potential Customers
12826,2,7,1474.7199999999991,2,0,0,Potential Customers
14404,33,6,1474.32,2,0,0,Potential Customers
14246,110,3,1474.0600000000004,2,0,0,Potential Customers
15128,60,4,1471.0000000000005,2,0,0,Potential Customers
16348,32,7,1469.4500000000007,2,0,0,Potential Customers
14875,107,2,1465.32,2,0,0,Potential Customers
12882,9,2,1463.0399999999995,2,0,0,Potential Customers
14233,49,4,1462.7200000000005,2,0,0,Potential Customers
14541,58,8,1461.65,2,0,0,Potential Customers
17063,21,7,1461.1399999999994,2,0,0,Potential Customers
16059,65,6,1459.8600000000004,2,0,0,Potential Customers
16996,30,6,1456.9599999999998,2,0,0,Potential Customers
13309,7,5,1456.7899999999995,2,0,0,Potential Customers
13477,37,6,1454.5799999999997,2,0,0,Potential Customers
15987,12,7,1451.2800000000004,2,0,0,Potential Customers
14740,197,3,1448.2099999999994,1,2,2,Lost Customers
15426,19,5,1447.3900000000003,2,0,0,Potential Customers
14591,15,4,1447.140000000001,2,0,0,Potential Customers
17073,17,4,1446.09,2,0,0,Potential Customers
13717,32,6,1445.0100000000004,2,0,0,Potential Customers
13461,38,3,1445.0,2,0,0,Potential Customers
17175,44,4,1443.6900000000005,2,0,0,Potential Customers
15478,40,2,1441.4199999999994,2,0,0,Potential Customers
15858,15,5,1438.8500000000004,2,0,0,Potential Customers
14071,3,8,1438.820000000002,2,0,0,Potential Customers
13159,8,4,1437.8500000000004,2,0,0,Potential Customers
14566,110,1,1432.0,2,0,0,Potential Customers
16503,106,4,1431.9300000000003,2,0,0,Potential Customers
13475,191,4,1431.7800000000002,1,2,2,Lost Customers
16103,7,6,1429.64,2,0,0,Potential Customers
16271,2,5,1429.239999999999,2,0,0,Potential Customers
14035,28,5,1428.02,2,0,0,Potential Customers
15681,25,5,1426.16,2,0,0,Potential Customers
15106,17,5,1422.5200000000004,2,0,0,Potential Customers
16463,21,4,1422.4,2,0,0,Potential Customers
16571,26,3,1421.6900000000005,2,0,0,Potential Customers
14019,46,3,1421.6100000000004,2,0,0,Potential Customers
14901,11,9,1421.2900000000004,2,0,0,Potential Customers
14443,53,4,1420.2000000000005,2,0,0,Potential Customers
17288,9,7,1419.7300000000016,2,0,0,Potential Customers
16173,15,6,1418.3199999999997,2,0,0,Potential Customers
15444,9,2,1418.260000000001,2,0,0,Potential Customers
18116,67,8,1418.030000000001,2,0,0,Potential Customers
17856,1,4,1418.0300000000002,2,0,0,Potential Customers
14649,4,4,1417.2900000000002,2,0,0,Potential Customers
14748,29,5,1415.75,2,0,0,Potential Customers
16012,35,3,1415.2899999999995,2,0,0,Potential Customers
16245,23,3,1413.6600000000003,2,0,0,Potential Customers
17004,46,2,1412.9399999999998,2,0,0,Potential Customers
15237,1,4,1412.3200000000002,2,0,0,Potential Customers
15596,100,5,1406.59,2,0,0,Potential Customers
17083,109,3,1405.7799999999995,2,0,0,Potential Customers
15563,22,4,1400.44,2,0,0,Potential Customers
14741,11,6,1400.34,2,0,0,Potential Customers
18202,199,3,1396.9900000000002,1,2,2,Lost Customers
13995,15,5,1393.6899999999998,2,0,0,Potential Customers
17354,50,1,1393.0600000000002,2,0,0,Potential Customers
15810,78,4,1391.98,2,0,0,Potential Customers
15051,23,3,1391.61,2,0,0,Potential Customers
13414,133,3,1390.4999999999998,2,0,0,Potential Customers
13516,21,3,1389.41,2,0,0,Potential Customers
15898,1,5,1388.88,2,0,0,Potential Customers
16539,2,4,1388.81,2,0,0,Potential Customers
15453,1,7,1388.3700000000017,2,0,0,Potential Customers
15134,14,8,1387.99,2,0,0,Potential Customers
12952,5,4,1387.7900000000002,2,0,0,Potential Customers
17676,4,6,1387.6800000000003,2,0,0,Potential Customers
12775,17,5,1386.0400000000004,2,0,0,Potential Customers
13308,22,3,1385.51,2,0,0,Potential Customers
18167,23,3,1384.86,2,0,0,Potential Customers
17311,78,2,1384.85,2,0,0,Potential Customers
13572,205,1,1384.25,1,2,2,Lost Customers
14507,23,6,1383.1799999999996,2,0,0,Potential Customers
14116,19,5,1382.7400000000002,2,0,0,Potential Customers
16389,53,4,1382.07,2,0,0,Potential Customers
16726,26,5,1382.0200000000011,2,0,0,Potential Customers
17621,21,3,1379.9,2,0,0,Potential Customers
12886,67,2,1378.4,2,0,0,Potential Customers
15569,103,5,1375.7100000000005,2,0,0,Potential Customers
16669,23,3,1374.8700000000003,2,0,0,Potential Customers
14434,21,6,1372.8,2,0,0,Potential Customers
15095,103,4,1370.5999999999997,2,0,0,Potential Customers
13813,39,4,1366.8599999999994,2,0,0,Potential Customers
14897,7,4,1366.3800000000006,2,0,0,Potential Customers
13396,29,2,1360.9899999999998,2,0,0,Potential Customers
14102,5,5,1360.2800000000002,2,0,0,Potential Customers
15411,26,4,1358.8800000000006,2,0,0,Potential Customers
13232,12,7,1357.6000000000015,2,0,0,Potential Customers
17054,28,5,1356.3300000000008,2,0,0,Potential Customers
14064,29,5,1353.7400000000002,2,0,0,Potential Customers
14859,12,4,1353.7399999999996,2,0,0,Potential Customers
15116,17,4,1352.7500000000002,2,0,0,Potential Customers
16079,16,3,1352.0,2,0,0,Potential Customers
16493,79,4,1351.6300000000008,2,0,0,Potential Customers
12770,210,1,1351.4499999999998,1,2,2,Lost Customers
12646,4,2,1346.9699999999998,2,0,0,Potential Customers
14154,239,2,1345.6200000000003,1,2,2,Lost Customers
15398,16,2,1345.53,2,0,0,Potential Customers
12463,53,4,1344.78,2,0,0,Potential Customers
17372,40,8,1342.6800000000007,2,0,0,Potential Customers
16317,119,3,1341.65,2,0,0,Potential Customers
13743,2,7,1341.5999999999997,2,0,0,Potential Customers
18177,31,6,1341.4199999999994,2,0,0,Potential Customers
16045,119,4,1340.7000000000005,2,0,0,Potential Customers
13501,288,1,1340.3200000000002,1,2,2,Lost Customers
15734,114,2,1339.45,2,0,0,Potential Customers
12620,14,3,1339.41,2,0,0,Potential Customers
15059,40,9,1337.7200000000007,2,0,0,Potential Customers
16110,45,3,1337.480000000002,2,0,0,Potential Customers
12919,8,6,1335.1899999999998,2,0,0,Potential Customers
15680,9,3,1333.6800000000003,2,0,0,Potential Customers
17932,29,3,1331.5699999999997,2,0,0,Potential Customers
12676,24,6,1331.3900000000006,2,0,0,Potential Customers
16295,9,4,1328.5500000000004,2,0,0,Potential Customers
15146,164,2,1327.1600000000003,1,2,2,Lost Customers
17633,31,4,1324.84,2,0,0,Potential Customers
12854,78,3,1324.5000000000002,2,0,0,Potential Customers
17095,22,3,1324.1599999999996,2,0,0,Potential Customers
16370,82,4,1320.5600000000006,2,0,0,Potential Customers
14794,2,7,1319.9099999999996,2,0,0,Potential Customers
13168,36,4,1319.1900000000005,2,0,0,Potential Customers
16083,100,2,1317.62,2,0,0,Potential Customers
12526,0,3,1316.6600000000003,2,0,0,Potential Customers
14921,30,2,1316.0700000000004,2,0,0,Potential Customers
12576,35,5,1315.83,2,0,0,Potential Customers
14511,11,5,1314.81,2,0,0,Potential Customers
16464,19,3,1314.6800000000003,2,0,0,Potential Customers
14738,42,7,1314.4500000000005,2,0,0,Potential Customers
14973,107,3,1314.4499999999998,2,0,0,Potential Customers
16040,65,3,1313.5500000000004,2,0,0,Potential Customers
12364,7,4,1313.0999999999997,2,0,0,Potential Customers
12516,77,2,1312.0600000000002,2,0,0,Potential Customers
14856,36,3,1311.3800000000003,2,0,0,Potential Customers
14477,19,4,1309.6,2,0,0,Potential Customers
16120,59,4,1309.14,2,0,0,Potential Customers
14047,8,5,1308.61,2,0,0,Potential Customers
13328,316,1,1308.48,1,2,2,Lost Customers
14297,17,4,1305.33,2,0,0,Potential Customers
12507,134,3,1304.81,2,0,0,Potential Customers
16744,11,7,1304.759999999999,2,0,0,Potential Customers
17919,88,1,1304.04,2,0,0,Potential Customers
15813,207,2,1303.91,1,2,2,Lost Customers
14898,23,6,1303.52,2,0,0,Potential Customers
15108,141,4,1300.2500000000005,2,0,0,Potential Customers
15494,21,2,1299.23,2,0,0,Potential Customers
12488,9,3,1298.6600000000003,2,0,0,Potential Customers
12372,71,3,1298.0400000000004,2,0,0,Potential Customers
15602,8,9,1297.87,2,0,0,Potential Customers
17961,21,39,1296.4400000000012,2,3,3,Loyal Customers
16929,3,7,1295.3900000000003,2,0,0,Potential Customers
16224,57,4,1295.3000000000002,2,0,0,Potential Customers
15621,4,4,1293.0300000000002,2,0,0,Potential Customers
16101,70,1,1290.6999999999994,2,0,0,Potential Customers
15171,331,1,1289.5,1,2,2,Lost Customers
15136,2,4,1286.7000000000005,2,0,0,Potential Customers
16949,3,6,1286.2699999999998,2,0,0,Potential Customers
17350,8,4,1286.0700000000002,2,0,0,Potential Customers
17802,82,3,1285.0400000000002,2,0,0,Potential Customers
16899,7,6,1281.5599999999995,2,0,0,Potential Customers
13878,54,1,1281.53,2,0,0,Potential Customers
13538,43,7,1280.85,2,0,0,Potential Customers
16951,134,3,1277.7500000000005,2,0,0,Potential Customers
16692,256,2,1276.0,1,2,2,Lost Customers
17019,11,4,1272.6100000000013,2,0,0,Potential Customers
12394,63,2,1272.48,2,0,0,Potential Customers
12630,9,2,1270.8799999999997,2,0,0,Potential Customers
14669,241,3,1269.99,1,2,2,Lost Customers
13492,136,3,1269.84,2,0,0,Potential Customers
13431,67,2,1269.0999999999997,2,0,0,Potential Customers
14916,70,4,1268.9799999999998,2,0,0,Potential Customers
15199,59,4,1268.7,2,0,0,Potential Customers
16660,16,4,1267.65,2,0,0,Potential Customers
17037,87,1,1267.3199999999997,2,0,0,Potential Customers
17158,32,3,1266.9699999999996,2,0,0,Potential Customers
14105,239,1,1266.2300000000002,1,2,2,Lost Customers
13989,65,2,1266.08,2,0,0,Potential Customers
16842,100,3,1264.1899999999996,2,0,0,Potential Customers
15497,17,2,1262.2000000000005,2,0,0,Potential Customers
15009,12,3,1261.7799999999995,2,0,0,Potential Customers
16688,1,4,1260.86,2,0,0,Potential Customers
17388,77,4,1259.56,2,0,0,Potential Customers
17412,2,7,1258.0600000000002,2,0,0,Potential Customers
13151,295,1,1257.8700000000003,1,2,2,Lost Customers
14931,4,5,1257.68,2,0,0,Potential Customers
16639,31,3,1257.5099999999998,2,0,0,Potential Customers
17481,3,4,1255.5900000000006,2,0,0,Potential Customers
13848,92,3,1255.0,2,0,0,Potential Customers
17262,52,5,1253.36,2,0,0,Potential Customers
14698,1,5,1250.7600000000014,2,0,0,Potential Customers
14383,38,3,1247.69,2,0,0,Potential Customers
12689,25,2,1247.6099999999997,2,0,0,Potential Customers
13029,30,3,1247.5000000000002,2,0,0,Potential Customers
15004,147,1,1246.3200000000004,1,2,2,Lost Customers
12494,15,7,1246.1000000000008,2,0,0,Potential Customers
13860,1,5,1245.9000000000003,2,0,0,Potential Customers
14428,7,5,1244.8300000000004,2,0,0,Potential Customers
16531,22,7,1244.59,2,0,0,Potential Customers
17584,7,2,1242.3,2,0,0,Potential Customers
17588,100,3,1240.2,2,0,0,Potential Customers
17731,79,4,1240.1099999999997,2,0,0,Potential Customers
12985,0,2,1239.38,2,0,0,Potential Customers
13476,178,2,1238.47,1,2,2,Lost Customers
14893,9,2,1237.85,2,0,0,Potential Customers
13931,95,2,1237.5300000000004,2,0,0,Potential Customers
15201,87,5,1236.54,2,0,0,Potential Customers
14684,25,5,1236.2800000000016,2,0,0,Potential Customers
15376,40,3,1233.36,2,0,0,Potential Customers
15910,0,8,1232.18,2,0,0,Potential Customers
18080,18,2,1231.5,2,0,0,Potential Customers
18171,58,5,1231.3099999999995,2,0,0,Potential Customers
14913,35,4,1227.4300000000007,2,0,0,Potential Customers
12997,22,4,1226.89,2,0,0,Potential Customers
12412,74,3,1226.88,2,0,0,Potential Customers
17774,96,4,1225.4100000000003,2,0,0,Potential Customers
15841,72,4,1224.0600000000004,2,0,0,Potential Customers
13208,58,6,1223.9,2,0,0,Potential Customers
16794,1,10,1222.7100000000014,2,0,0,Potential Customers
14745,112,5,1220.26,2,0,0,Potential Customers
15227,36,5,1219.4,2,0,0,Potential Customers
13491,51,10,1215.82,2,0,0,Potential Customers
17410,16,5,1214.7199999999998,2,0,0,Potential Customers
13055,78,3,1214.41,2,0,0,Potential Customers
18263,25,3,1213.16,2,0,0,Potential Customers
13918,49,2,1212.84,2,0,0,Potential Customers
16653,16,2,1212.6600000000003,2,0,0,Potential Customers
12464,10,8,1212.05,2,0,0,Potential Customers
17653,36,4,1207.5600000000002,2,0,0,Potential Customers
15737,14,8,1205.12,2,0,0,Potential Customers
16800,11,1,1201.490000000001,2,0,0,Potential Customers
13158,94,4,1201.0600000000004,2,0,0,Potential Customers
17320,100,3,1200.6199999999997,2,0,0,Potential Customers
17800,37,9,1199.0100000000002,2,0,0,Potential Customers
15605,36,5,1198.23,2,0,0,Potential Customers
13118,19,5,1197.8099999999995,2,0,0,Potential Customers
13211,10,3,1197.42,2,0,0,Potential Customers
16042,22,5,1197.2700000000002,2,0,0,Potential Customers
17867,30,6,1197.1000000000006,2,0,0,Potential Customers
14487,26,6,1196.3300000000002,2,0,0,Potential Customers
17720,26,4,1195.9400000000005,2,0,0,Potential Customers
17526,4,4,1195.9,2,0,0,Potential Customers
15145,4,4,1194.7300000000005,2,0,0,Potential Customers
12611,52,1,1193.3200000000002,2,0,0,Potential Customers
13882,2,5,1191.13,2,0,0,Potential Customers
12462,18,2,1189.5900000000004,2,0,0,Potential Customers
16612,32,4,1187.6599999999996,2,0,0,Potential Customers
15630,45,2,1186.35,2,0,0,Potential Customers
13752,124,6,1186.2800000000002,2,0,0,Potential Customers
17058,81,3,1179.8900000000003,2,0,0,Potential Customers
16950,56,3,1178.5600000000002,2,0,0,Potential Customers
12885,63,3,1175.22,2,0,0,Potential Customers
12640,23,3,1174.5800000000002,2,0,0,Potential Customers
15306,64,3,1174.3499999999997,2,0,0,Potential Customers
14857,59,2,1173.12,2,0,0,Potential Customers
13611,89,3,1171.8000000000004,2,0,0,Potential Customers
18168,176,6,1169.9400000000005,1,2,2,Lost Customers
12358,1,2,1168.06,2,0,0,Potential Customers
13500,23,3,1166.7700000000002,2,0,0,Potential Customers
14737,3,3,1164.55,2,0,0,Potential Customers
14261,50,2,1163.4499999999998,2,0,0,Potential Customers
14447,18,5,1163.2300000000005,2,0,0,Potential Customers
16714,218,3,1161.5299999999995,1,2,2,Lost Customers
12546,46,2,1161.5000000000005,2,0,0,Potential Customers
15088,21,2,1160.0700000000002,2,0,0,Potential Customers
17348,14,5,1159.5200000000011,2,0,0,Potential Customers
13499,17,5,1159.11,2,0,0,Potential Customers
16184,64,6,1158.7900000000002,2,0,0,Potential Customers
14723,10,6,1158.2999999999986,2,0,0,Potential Customers
13744,95,2,1156.359999999999,2,0,0,Potential Customers
16637,32,4,1154.4700000000005,2,0,0,Potential Customers
16062,9,4,1153.6199999999994,2,0,0,Potential Customers
12710,96,3,1149.0200000000004,2,0,0,Potential Customers
17505,161,2,1145.84,1,2,2,Lost Customers
16766,273,2,1145.6,1,2,2,Lost Customers
12769,238,1,1143.6,1,2,2,Lost Customers
17770,198,5,1143.2699999999998,1,2,2,Lost Customers
18125,29,4,1142.9899999999996,2,0,0,Potential Customers
15985,123,2,1142.4200000000003,2,0,0,Potential Customers
16270,353,1,1141.2400000000002,1,2,2,Lost Customers
13330,92,3,1140.9299999999996,2,0,0,Potential Customers
13819,301,3,1140.35,1,2,2,Lost Customers
16172,95,5,1140.2100000000005,2,0,0,Potential Customers
17135,16,7,1139.7299999999998,2,0,0,Potential Customers
17500,17,3,1138.0,2,0,0,Potential Customers
17302,14,5,1135.63,2,0,0,Potential Customers
17242,108,2,1135.0399999999995,2,0,0,Potential Customers
15489,22,3,1134.2800000000004,2,0,0,Potential Customers
16989,7,6,1133.25,2,0,0,Potential Customers
17585,109,4,1133.0699999999997,2,0,0,Potential Customers
13282,18,3,1132.14,2,0,0,Potential Customers
13772,33,3,1132.13,2,0,0,Potential Customers
13310,28,3,1132.0300000000004,2,0,0,Potential Customers
13610,12,7,1131.8800000000003,2,0,0,Potential Customers
15500,8,4,1131.5600000000004,2,0,0,Potential Customers
13447,23,3,1129.1399999999996,2,0,0,Potential Customers
14824,10,4,1127.7100000000005,2,0,0,Potential Customers
12609,78,3,1126.85,2,0,0,Potential Customers
14708,2,3,1126.37,2,0,0,Potential Customers
17470,44,5,1125.0700000000002,2,0,0,Potential Customers
14129,1,5,1123.86,2,0,0,Potential Customers
15436,12,3,1122.5300000000004,2,0,0,Potential Customers
13486,78,3,1122.41,2,0,0,Potential Customers
17562,14,7,1122.3799999999997,2,0,0,Potential Customers
16807,142,3,1121.59,2,0,0,Potential Customers
16086,59,5,1121.39,2,0,0,Potential Customers
15730,65,3,1120.8800000000003,2,0,0,Potential Customers
17894,71,8,1119.8100000000002,2,0,0,Potential Customers
14276,98,3,1119.7399999999998,2,0,0,Potential Customers
13064,12,4,1119.49,2,0,0,Potential Customers
12842,70,2,1118.9899999999998,2,0,0,Potential Customers
15716,145,4,1118.81,2,0,0,Potential Customers
17788,73,2,1117.9,2,0,0,Potential Customers
13591,64,3,1117.13,2,0,0,Potential Customers
14971,35,3,1116.57,2,0,0,Potential Customers
16350,21,4,1116.4699999999998,2,0,0,Potential Customers
12679,58,4,1113.0200000000002,2,0,0,Potential Customers
17609,40,5,1112.2200000000005,2,0,0,Potential Customers
16049,40,3,1111.7899999999995,2,0,0,Potential Customers
14161,215,3,1110.52,1,2,2,Lost Customers
14817,200,2,1110.34,1,2,2,Lost Customers
15069,179,1,1109.53,1,2,2,Lost Customers
12399,119,4,1108.65,2,0,0,Potential Customers
15933,21,3,1107.4600000000005,2,0,0,Potential Customers
16833,1,4,1106.53,2,0,0,Potential Customers
12857,210,2,1106.4,1,2,2,Lost Customers
14410,92,9,1105.0699999999997,2,0,0,Potential Customers
14948,23,6,1101.9699999999996,2,0,0,Potential Customers
17047,85,3,1100.9000000000003,2,0,0,Potential Customers
14744,16,7,1099.98,2,0,0,Potential Customers
15978,77,1,1098.78,2,0,0,Potential Customers
13104,3,6,1098.48,2,0,0,Potential Customers
17966,37,5,1098.43,2,0,0,Potential Customers
16225,44,5,1096.3199999999997,2,0,0,Potential Customers
16533,19,3,1095.5600000000002,2,0,0,Potential Customers
13652,45,3,1095.08,2,0,0,Potential Customers
15745,19,4,1094.59,2,0,0,Potential Customers
15608,28,4,1093.6799999999996,2,0,0,Potential Customers
13521,1,3,1093.65,2,0,0,Potential Customers
18189,77,2,1090.2400000000002,2,0,0,Potential Customers
13853,57,1,1090.1399999999994,2,0,0,Potential Customers
12534,130,1,1089.1799999999998,2,0,0,Potential Customers
15763,31,2,1086.9200000000003,2,0,0,Potential Customers
13467,10,2,1083.7100000000005,2,0,0,Potential Customers
17041,26,3,1081.5699999999997,2,0,0,Potential Customers
14561,75,3,1080.7600000000004,2,0,0,Potential Customers
16200,4,2,1080.6199999999994,2,0,0,Potential Customers
13726,38,2,1079.6600000000003,2,0,0,Potential Customers
15197,10,3,1079.61,2,0,0,Potential Customers
12354,232,1,1079.4,1,2,2,Lost Customers
13715,281,5,1079.34,1,2,2,Lost Customers
16980,255,2,1078.96,1,2,2,Lost Customers
14352,157,4,1078.9599999999998,1,2,2,Lost Customers
16094,11,4,1078.2299999999998,2,0,0,Potential Customers
16563,53,1,1077.7399999999998,2,0,0,Potential Customers
13131,23,3,1073.3000000000002,2,0,0,Potential Customers
15712,9,5,1072.3600000000004,2,0,0,Potential Customers
15238,29,3,1071.9899999999998,2,0,0,Potential Customers
13635,67,1,1071.0300000000002,2,0,0,Potential Customers
17522,1,5,1070.7100000000005,2,0,0,Potential Customers
13761,50,2,1070.65,2,0,0,Potential Customers
14212,89,1,1070.48,2,0,0,Potential Customers
17214,60,6,1069.1199999999997,2,0,0,Potential Customers
16918,49,6,1068.8199999999997,2,0,0,Potential Customers
15027,30,4,1066.15,2,0,0,Potential Customers
17277,227,2,1065.35,1,2,2,Lost Customers
14488,67,1,1064.2800000000002,2,0,0,Potential Customers
17287,26,7,1064.1100000000006,2,0,0,Potential Customers
12951,8,6,1064.0700000000002,2,0,0,Potential Customers
15801,46,3,1063.9499999999998,2,0,0,Potential Customers
12936,17,4,1063.9,2,0,0,Potential Customers
12815,147,2,1063.46,1,2,2,Lost Customers
14411,310,1,1062.9999999999998,1,2,2,Lost Customers
16214,170,3,1062.7499999999998,1,2,2,Lost Customers
15996,88,6,1060.6799999999994,2,0,0,Potential Customers
15706,63,4,1060.56,2,0,0,Potential Customers
17727,15,1,1060.25,2,0,0,Potential Customers
18130,15,3,1059.3900000000003,2,0,0,Potential Customers
14465,246,3,1058.6200000000008,1,2,2,Lost Customers
13455,24,2,1058.34,2,0,0,Potential Customers
14419,10,6,1058.0600000000002,2,0,0,Potential Customers
15407,33,4,1056.4400000000005,2,0,0,Potential Customers
14514,61,3,1055.35,2,0,0,Potential Customers
15977,17,2,1054.7299999999998,2,0,0,Potential Customers
16728,46,4,1054.6699999999994,2,0,0,Potential Customers
12716,3,2,1053.49,2,0,0,Potential Customers
14583,5,5,1052.5500000000006,2,0,0,Potential Customers
16416,26,3,1051.4,2,0,0,Potential Customers
12849,31,2,1050.89,2,0,0,Potential Customers
14224,110,4,1050.12,2,0,0,Potential Customers
15329,39,3,1049.7,2,0,0,Potential Customers
14078,101,6,1049.3700000000006,2,0,0,Potential Customers
15464,338,1,1048.85,1,2,2,Lost Customers
15839,33,3,1048.49,2,0,0,Potential Customers
15777,241,4,1047.1100000000004,1,2,2,Lost Customers
16520,186,3,1046.57,1,2,2,Lost Customers
14293,3,4,1046.5599999999995,2,0,0,Potential Customers
17042,2,5,1044.3800000000003,2,0,0,Potential Customers
15192,119,3,1044.3200000000002,2,0,0,Potential Customers
14389,65,2,1043.4600000000005,2,0,0,Potential Customers
15073,9,3,1043.41,2,0,0,Potential Customers
12497,81,1,1043.1,2,0,0,Potential Customers
14584,169,4,1042.2599999999993,1,2,2,Lost Customers
13719,15,5,1041.68,2,0,0,Potential Customers
18221,22,5,1041.61,2,0,0,Potential Customers
15434,8,5,1041.4800000000002,2,0,0,Potential Customers
14446,0,4,1039.5800000000008,2,0,0,Potential Customers
16320,172,2,1038.46,1,2,2,Lost Customers
16175,94,4,1037.59,2,0,0,Potential Customers
12691,28,6,1035.8,2,0,0,Potential Customers
16260,50,1,1035.45,2,0,0,Potential Customers
13639,74,1,1033.34,2,0,0,Potential Customers
17724,71,3,1033.0,2,0,0,Potential Customers
12599,29,7,1032.5800000000004,2,0,0,Potential Customers
17405,1,3,1031.4100000000003,2,0,0,Potential Customers
12724,5,4,1031.41,2,0,0,Potential Customers
13235,212,1,1031.0699999999997,1,2,2,Lost Customers
12717,151,2,1030.98,1,2,2,Lost Customers
13253,156,2,1030.4,1,2,2,Lost Customers
17033,86,3,1030.14,2,0,0,Potential Customers
15333,208,1,1028.56,1,2,2,Lost Customers
16682,4,5,1027.9999999999998,2,0,0,Potential Customers
15104,196,2,1027.44,1,2,2,Lost Customers
13956,5,5,1026.4200000000003,2,0,0,Potential Customers
16160,65,2,1025.44,2,0,0,Potential Customers
14904,2,2,1025.4399999999998,2,0,0,Potential Customers
15658,190,5,1024.0999999999997,1,2,2,Lost Customers
17096,15,4,1022.1300000000002,2,0,0,Potential Customers
14346,120,2,1021.5800000000004,2,0,0,Potential Customers
13165,46,2,1021.48,2,0,0,Potential Customers
12572,8,2,1020.4200000000004,2,0,0,Potential Customers
13376,99,3,1019.7600000000002,2,0,0,Potential Customers
18142,157,2,1019.52,1,2,2,Lost Customers
12828,2,6,1018.7100000000002,2,0,0,Potential Customers
14083,4,9,1018.4299999999998,2,0,0,Potential Customers
12514,267,1,1017.6799999999996,1,2,2,Lost Customers
13728,36,6,1016.14,2,0,0,Potential Customers
13867,31,3,1015.2900000000002,2,0,0,Potential Customers
12642,25,3,1013.2599999999998,2,0,0,Potential Customers
12739,78,2,1013.0399999999998,2,0,0,Potential Customers
17197,29,1,1013.01,2,0,0,Potential Customers
14195,201,2,1011.9999999999998,1,2,2,Lost Customers
14775,58,3,1011.9,2,0,0,Potential Customers
16229,87,2,1010.5999999999998,2,0,0,Potential Customers
13032,52,2,1010.1799999999996,2,0,0,Potential Customers
16572,127,3,1009.5999999999998,2,0,0,Potential Customers
16174,126,3,1009.55,2,0,0,Potential Customers
17951,39,3,1008.54,2,0,0,Potential Customers
17646,219,3,1008.39,1,2,2,Lost Customers
14631,50,3,1006.98,2,0,0,Potential Customers
13429,10,4,1006.8,2,0,0,Potential Customers
17126,152,5,1004.7499999999998,1,2,2,Lost Customers
14214,30,5,1004.3799999999998,2,0,0,Potential Customers
13410,24,5,1003.06,2,0,0,Potential Customers
12446,57,1,1002.3099999999998,2,0,0,Potential Customers
12545,75,2,1000.39,2,0,0,Potential Customers
15508,189,6,1000.2700000000004,1,2,2,Lost Customers
18143,116,2,1000.16,2,0,0,Potential Customers
12722,85,4,997.63,2,0,0,Potential Customers
14540,9,3,996.2599999999998,2,0,0,Potential Customers
15110,23,4,996.1,2,0,0,Potential Customers
17594,85,2,993.1799999999996,2,0,0,Potential Customers
16009,22,4,992.71,2,0,0,Potential Customers
13363,17,2,992.5000000000005,2,0,0,Potential Customers
14223,92,3,991.13,2,0,0,Potential Customers
16232,43,4,990.8799999999998,2,0,0,Potential Customers
17324,17,4,990.2300000000002,2,0,0,Potential Customers
15062,71,4,987.86,2,0,0,Potential Customers
18237,2,5,987.0999999999998,2,0,0,Potential Customers
16376,8,2,987.01,2,0,0,Potential Customers
13117,21,8,984.9099999999996,2,0,0,Potential Customers
17144,1,2,984.57,2,0,0,Potential Customers
12510,142,2,982.5700000000002,1,0,0,Potential Customers
15133,127,3,982.4199999999998,2,0,0,Potential Customers
14138,1,2,982.3800000000002,2,0,0,Potential Customers
15071,93,2,982.07,2,0,0,Potential Customers
16188,44,4,981.86,2,0,0,Potential Customers
16907,29,5,981.6500000000004,2,0,0,Potential Customers
16085,23,5,981.5099999999996,2,0,0,Potential Customers
12541,29,3,981.1800000000004,2,0,0,Potential Customers
18170,33,3,980.31,2,0,0,Potential Customers
13509,8,7,979.72,2,0,0,Potential Customers
15506,22,3,979.2600000000002,2,0,0,Potential Customers
13350,16,2,979.12,2,0,0,Potential Customers
15132,18,5,977.9300000000002,2,0,0,Potential Customers
14920,212,2,977.77,1,2,2,Lost Customers
15860,40,8,977.2099999999992,2,0,0,Potential Customers
13026,1,5,975.3599999999996,2,0,0,Potential Customers
14522,24,4,974.54,2,0,0,Potential Customers
15449,26,3,974.52,2,0,0,Potential Customers
12994,4,3,974.42,2,0,0,Potential Customers
15747,12,3,974.0399999999996,2,0,0,Potential Customers
18194,82,1,973.84,2,0,0,Potential Customers
16419,112,6,972.23,2,0,0,Potential Customers
13155,33,4,971.76,2,0,0,Potential Customers
17100,18,2,971.74,2,0,0,Potential Customers
17618,5,3,971.58,2,0,0,Potential Customers
14256,260,2,969.06,1,2,2,Lost Customers
15907,3,3,967.4499999999996,2,0,0,Potential Customers
15793,14,3,965.6099999999998,2,0,0,Potential Customers
12550,79,1,964.8299999999996,2,0,0,Potential Customers
13138,22,6,962.39,2,0,0,Potential Customers
14006,115,3,962.19,2,0,0,Potential Customers
15156,1,3,961.4899999999998,2,0,0,Potential Customers
14629,4,2,959.0100000000008,2,0,0,Potential Customers
18192,71,1,957.97,2,0,0,Potential Customers
13823,18,2,957.6600000000002,2,0,0,Potential Customers
12697,28,3,957.59,2,0,0,Potential Customers
15948,8,2,955.24,2,0,0,Potential Customers
17244,53,1,954.9,2,0,0,Potential Customers
17097,2,8,954.4199999999998,2,0,0,Potential Customers
15835,44,4,954.0899999999996,2,0,0,Potential Customers
16934,54,2,950.9299999999998,2,0,0,Potential Customers
15421,58,4,950.3599999999994,2,0,0,Potential Customers
16511,21,3,950.2599999999998,2,0,0,Potential Customers
13636,36,5,949.1199999999998,2,0,0,Potential Customers
12822,70,2,948.8800000000002,2,0,0,Potential Customers
17044,25,1,948.48,2,0,0,Potential Customers
13748,95,5,948.2499999999998,2,0,0,Potential Customers
15787,26,3,948.05,2,0,0,Potential Customers
12458,71,2,947.4,2,0,0,Potential Customers
15707,35,4,945.58,2,0,0,Potential Customers
17289,31,3,944.41,2,0,0,Potential Customers
13261,268,2,944.1,1,2,2,Lost Customers
12820,3,4,942.3399999999998,2,0,0,Potential Customers
14075,4,3,942.2599999999996,2,0,0,Potential Customers
15576,37,1,940.67,2,0,0,Potential Customers
15289,29,3,939.7800000000002,2,0,0,Potential Customers
17527,53,4,939.37,2,0,0,Potential Customers
17227,18,6,939.32,2,0,0,Potential Customers
16584,80,2,936.08,2,0,0,Potential Customers
14140,3,2,935.0499999999996,2,0,0,Potential Customers
16027,91,6,934.62,2,0,0,Potential Customers
14081,302,2,934.5200000000002,1,2,2,Lost Customers
12924,88,4,933.7000000000002,2,0,0,Potential Customers
16657,9,4,933.6199999999995,2,0,0,Potential Customers
13655,114,2,932.97,2,0,0,Potential Customers
14532,236,4,932.85,1,2,2,Lost Customers
18133,212,1,931.5,1,2,2,Lost Customers
17552,60,4,930.41,2,0,0,Potential Customers
14475,71,3,925.85,2,0,0,Potential Customers
14231,183,3,925.71,1,2,2,Lost Customers
17048,117,3,925.35,2,0,0,Potential Customers
15312,75,4,924.85,2,0,0,Potential Customers
13805,52,2,924.6,2,0,0,Potential Customers
15654,9,2,922.53,2,0,0,Potential Customers
13122,94,2,922.3900000000002,2,0,0,Potential Customers
16551,95,3,922.12,2,0,0,Potential Customers
13934,263,1,922.1,1,2,2,Lost Customers
13035,73,2,921.88,2,0,0,Potential Customers
17323,15,7,921.0700000000006,2,0,0,Potential Customers
13984,26,5,920.51,2,0,0,Potential Customers
17018,40,2,920.1,2,0,0,Potential Customers
12652,331,1,919.98,1,2,2,Lost Customers
13075,129,1,919.61,2,0,0,Potential Customers
15253,16,5,918.2,2,0,0,Potential Customers
13549,25,7,918.1999999999998,2,0,0,Potential Customers
14015,52,1,917.34,2,0,0,Potential Customers
14712,29,3,917.07,2,0,0,Potential Customers
17236,12,6,916.1300000000006,2,0,0,Potential Customers
14141,2,4,915.13,2,0,0,Potential Customers
16216,267,1,914.93,1,2,2,Lost Customers
16809,23,5,914.6899999999998,2,0,0,Potential Customers
15587,50,4,913.68,2,0,0,Potential Customers
12940,54,2,913.54,2,0,0,Potential Customers
15364,95,2,913.1900000000004,2,0,0,Potential Customers
14359,19,3,912.18,2,0,0,Potential Customers
13782,12,6,911.9999999999992,2,0,0,Potential Customers
13192,95,2,911.9400000000002,2,0,0,Potential Customers
14289,8,6,911.26,2,0,0,Potential Customers
18096,11,3,911.15,2,0,0,Potential Customers
13689,63,1,910.0,2,0,0,Potential Customers
15511,11,5,909.2300000000002,2,0,0,Potential Customers
13038,80,3,908.4599999999998,2,0,0,Potential Customers
14449,18,4,907.0999999999992,2,0,0,Potential Customers
15480,116,1,905.5,2,0,0,Potential Customers
15022,11,4,905.0399999999996,2,0,0,Potential Customers
15807,50,3,903.9,2,0,0,Potential Customers
17566,8,2,901.2100000000008,2,0,0,Potential Customers
16716,266,2,901.2,1,2,2,Lost Customers
17848,81,9,901.2,2,0,0,Potential Customers
14625,196,2,899.6300000000001,1,2,2,Lost Customers
17886,31,3,899.6099999999999,2,0,0,Potential Customers
13662,85,3,897.7600000000001,2,0,0,Potential Customers
17537,29,2,897.62,2,0,0,Potential Customers
16361,9,4,896.66,2,0,0,Potential Customers
15079,212,4,895.6099999999999,1,2,2,Lost Customers
15865,40,3,895.13,2,0,0,Potential Customers
15211,60,2,894.41,2,0,0,Potential Customers
15066,53,1,893.5899999999999,2,0,0,Potential Customers
12772,59,1,892.4699999999999,2,0,0,Potential Customers
13515,72,4,891.1200000000003,2,0,0,Potential Customers
15255,66,1,890.8500000000001,2,0,0,Potential Customers
14240,30,2,890.3400000000004,2,0,0,Potential Customers
17027,78,6,890.2899999999997,2,0,0,Potential Customers
14344,127,8,889.9300000000002,2,0,0,Potential Customers
17007,50,6,889.9300000000001,2,0,0,Potential Customers
14623,32,5,889.25,2,0,0,Potential Customers
17829,298,1,889.2400000000001,1,2,2,Lost Customers
16347,11,2,887.6500000000003,2,0,0,Potential Customers
16900,16,3,887.1100000000002,2,0,0,Potential Customers
15822,3,2,885.4699999999999,2,0,0,Potential Customers
17704,168,2,885.1899999999998,1,2,2,Lost Customers
17109,29,6,885.04,2,0,0,Potential Customers
15799,75,3,884.1400000000002,2,0,0,Potential Customers
14597,11,2,883.15,2,0,0,Potential Customers
18236,29,6,882.24,2,0,0,Potential Customers
13037,138,3,881.07,2,0,0,Potential Customers
15076,172,1,880.8500000000003,1,2,2,Lost Customers
15653,92,2,877.44,2,0,0,Potential Customers
14770,232,2,876.4199999999996,1,2,2,Lost Customers
15100,333,3,876.0,1,2,2,Lost Customers
13566,40,2,874.71,2,0,0,Potential Customers
16513,4,4,874.5900000000001,2,0,0,Potential Customers
13294,189,2,873.7399999999997,1,2,2,Lost Customers
12847,22,1,871.5399999999998,2,0,0,Potential Customers
15208,1,5,870.1200000000001,2,0,0,Potential Customers
13200,19,4,870.0900000000001,2,0,0,Potential Customers
13979,73,1,869.8700000000002,2,0,0,Potential Customers
12694,70,2,869.67,2,0,0,Potential Customers
13203,9,4,869.46,2,0,0,Potential Customers
17649,138,1,868.49,1,0,0,Potential Customers
14912,16,2,867.8499999999998,2,0,0,Potential Customers
14715,24,4,867.3800000000003,2,0,0,Potential Customers
16235,40,5,867.3099999999997,2,0,0,Potential Customers
16121,57,2,867.1100000000004,2,0,0,Potential Customers
14332,22,3,866.3099999999998,2,0,0,Potential Customers
16567,194,2,865.6,1,2,2,Lost Customers
13846,24,3,865.0600000000004,2,0,0,Potential Customers
16221,36,3,864.8599999999999,2,0,0,Potential Customers
12680,0,4,862.8099999999998,2,0,0,Potential Customers
16266,73,7,861.8899999999998,2,0,0,Potential Customers
12794,53,2,860.41,2,0,0,Potential Customers
13339,200,1,860.12,1,2,2,Lost Customers
14577,12,4,859.7100000000008,2,0,0,Potential Customers
17064,58,3,859.3500000000004,2,0,0,Potential Customers
14553,19,5,859.2700000000001,2,0,0,Potential Customers
16163,232,2,856.6,1,2,2,Lost Customers
13991,12,6,855.9699999999998,2,0,0,Potential Customers
12693,127,4,855.9100000000001,2,0,0,Potential Customers
16037,269,3,855.0200000000001,1,2,2,Lost Customers
12878,236,2,854.9899999999998,1,2,2,Lost Customers
17560,94,5,854.9500000000002,2,0,0,Potential Customers
16877,12,6,853.7199999999998,2,0,0,Potential Customers
14193,67,2,853.3900000000002,2,0,0,Potential Customers
12379,81,2,852.2399999999998,2,0,0,Potential Customers
16070,22,2,852.15,2,0,0,Potential Customers
16020,16,3,851.01,2,0,0,Potential Customers
12713,0,1,848.5500000000001,2,0,0,Potential Customers
14657,17,4,848.2200000000003,2,0,0,Potential Customers
13221,240,2,847.4099999999999,1,2,2,Lost Customers
16924,21,3,846.7499999999998,2,0,0,Potential Customers
16222,318,1,846.72,1,2,2,Lost Customers
15965,17,4,845.6399999999999,2,0,0,Potential Customers
14803,162,3,845.5500000000002,1,2,2,Lost Customers
17624,14,2,843.4799999999998,2,0,0,Potential Customers
15164,68,3,843.0499999999997,2,0,0,Potential Customers
17929,11,4,843.0,2,0,0,Potential Customers
13929,169,2,842.6500000000001,1,2,2,Lost Customers
16108,84,1,842.4999999999999,2,0,0,Potential Customers
16560,26,2,841.4099999999997,2,0,0,Potential Customers
14862,25,2,841.2000000000002,2,0,0,Potential Customers
17076,36,3,841.08,2,0,0,Potential Customers
13940,17,4,839.1399999999999,2,0,0,Potential Customers
17115,8,3,837.4999999999995,2,0,0,Potential Customers
16554,42,3,837.0999999999999,2,0,0,Potential Customers
15832,254,1,836.7899999999998,1,2,2,Lost Customers
12728,71,4,836.3299999999999,2,0,0,Potential Customers
16747,37,2,836.0600000000003,2,0,0,Potential Customers
17169,57,2,835.7800000000001,2,0,0,Potential Customers
17759,17,3,834.99,2,0,0,Potential Customers
13835,25,4,834.57,2,0,0,Potential Customers
17075,17,4,834.1200000000001,2,0,0,Potential Customers
16644,177,2,833.7799999999999,1,2,2,Lost Customers
15862,8,4,832.8800000000002,2,0,0,Potential Customers
14644,67,2,830.76,2,0,0,Potential Customers
13681,17,4,827.8299999999999,2,0,0,Potential Customers
12461,94,2,826.8800000000002,2,0,0,Potential Customers
12781,63,2,826.7400000000001,2,0,0,Potential Customers
16494,296,1,826.53,1,2,2,Lost Customers
17921,64,4,826.5200000000001,2,0,0,Potential Customers
15525,2,3,825.9200000000002,2,0,0,Potential Customers
12427,21,3,825.8000000000001,2,0,0,Potential Customers
16869,22,4,825.4199999999997,2,0,0,Potential Customers
16284,31,2,823.9699999999999,2,0,0,Potential Customers
16164,17,3,822.48,2,0,0,Potential Customers
12778,19,6,822.2300000000001,2,0,0,Potential Customers
13893,297,1,821.0999999999999,1,2,2,Lost Customers
13220,78,4,819.2900000000002,2,0,0,Potential Customers
17764,50,2,818.8200000000003,2,0,0,Potential Customers
16092,114,3,817.86,2,0,0,Potential Customers
16943,211,3,816.7299999999997,1,2,2,Lost Customers
15649,336,2,816.0,1,2,2,Lost Customers
15399,1,3,815.7699999999999,2,0,0,Potential Customers
14499,26,3,815.3200000000003,2,0,0,Potential Customers
13280,122,3,814.86,2,0,0,Potential Customers
16460,28,3,814.7199999999998,2,0,0,Potential Customers
13811,183,3,814.5,1,2,2,Lost Customers
18064,133,2,814.0,2,0,0,Potential Customers
16600,4,6,813.5200000000001,2,0,0,Potential Customers
16621,51,4,813.48,2,0,0,Potential Customers
14421,57,2,813.1100000000001,2,0,0,Potential Customers
15644,166,4,812.9999999999999,1,2,2,Lost Customers
17980,165,3,811.4499999999999,1,2,2,Lost Customers
16276,176,1,810.5999999999999,1,2,2,Lost Customers
16624,80,2,810.57,2,0,0,Potential Customers
13637,52,3,810.4999999999998,2,0,0,Potential Customers
16891,1,5,809.7000000000002,2,0,0,Potential Customers
17114,5,8,808.6199999999997,2,0,0,Potential Customers
15533,19,3,807.5699999999999,2,0,0,Potential Customers
12421,15,4,807.0400000000002,2,0,0,Potential Customers
15952,33,4,806.5699999999999,2,0,0,Potential Customers
13707,267,2,806.4100000000004,1,2,2,Lost Customers
12434,84,2,806.1399999999998,2,0,0,Potential Customers
16367,37,2,804.4899999999997,2,0,0,Potential Customers
18248,122,2,804.0199999999999,2,0,0,Potential Customers
12422,95,3,803.5599999999997,2,0,0,Potential Customers
15831,58,3,801.7599999999998,2,0,0,Potential Customers
18265,72,2,801.5100000000001,2,0,0,Potential Customers
16806,103,4,801.4899999999996,2,0,0,Potential Customers
15561,11,4,800.5900000000001,2,0,0,Potential Customers
17905,71,4,800.2399999999999,2,0,0,Potential Customers
13720,116,4,799.8999999999999,2,0,0,Potential Customers
13030,11,2,799.4799999999999,2,0,0,Potential Customers
17703,35,3,798.74,2,0,0,Potential Customers
16438,5,5,798.3499999999999,2,0,0,Potential Customers
13389,11,3,797.9600000000003,2,0,0,Potential Customers
12701,79,2,797.7099999999999,2,0,0,Potential Customers
17180,56,4,796.0300000000003,2,0,0,Potential Customers
13336,77,1,795.1200000000003,2,0,0,Potential Customers
15990,44,2,792.1099999999999,2,0,0,Potential Customers
13167,18,4,791.33,2,0,0,Potential Customers
14976,57,7,790.8599999999998,2,0,0,Potential Customers
13016,73,3,789.8899999999998,2,0,0,Potential Customers
16759,7,3,789.79,2,0,0,Potential Customers
13329,31,2,788.9999999999999,2,0,0,Potential Customers
14557,85,1,788.38,2,0,0,Potential Customers
13212,19,3,788.0799999999999,2,0,0,Potential Customers
13323,3,5,787.85,2,0,0,Potential Customers
13884,7,5,787.6,2,0,0,Potential Customers
16546,290,2,787.15,1,2,2,Lost Customers
13109,59,2,786.5400000000002,2,0,0,Potential Customers
12628,4,3,786.4599999999999,2,0,0,Potential Customers
15806,46,3,784.5799999999999,2,0,0,Potential Customers
15743,16,4,784.4599999999998,2,0,0,Potential Customers
18136,63,3,784.3299999999999,2,0,0,Potential Customers
17387,19,2,784.1099999999998,2,0,0,Potential Customers
16054,145,1,783.9,1,2,2,Lost Customers
17006,4,4,781.7800000000001,2,0,0,Potential Customers
17341,156,3,781.36,1,2,2,Lost Customers
15679,24,4,781.2800000000001,2,0,0,Potential Customers
13583,155,1,781.0300000000001,1,2,2,Lost Customers
16725,302,7,781.0200000000004,1,2,2,Lost Customers
15239,10,2,780.5899999999999,2,0,0,Potential Customers
17797,22,3,780.4300000000003,2,0,0,Potential Customers
18228,56,2,779.9,2,0,0,Potential Customers
12735,315,2,779.5699999999999,1,2,2,Lost Customers
17411,12,3,778.9399999999998,2,0,0,Potential Customers
13375,88,1,778.65,2,0,0,Potential Customers
14815,36,2,778.5000000000001,2,0,0,Potential Customers
17414,43,2,778.0,2,0,0,Potential Customers
16505,31,1,777.6,2,0,0,Potential Customers
13563,84,2,777.5299999999999,2,0,0,Potential Customers
12425,78,1,777.2,2,0,0,Potential Customers
15353,254,2,777.0200000000003,1,2,2,Lost Customers
15618,32,4,776.8500000000001,2,0,0,Potential Customers
13314,1,3,775.9400000000002,2,0,0,Potential Customers
13341,260,1,775.85,1,2,2,Lost Customers
14234,22,4,775.4599999999999,2,0,0,Potential Customers
16825,38,2,775.1800000000001,2,0,0,Potential Customers
15414,9,3,774.8999999999999,2,0,0,Potential Customers
16043,37,4,773.9900000000002,2,0,0,Potential Customers
15075,77,1,773.0300000000003,2,0,0,Potential Customers
12965,89,1,771.9100000000003,2,0,0,Potential Customers
17409,184,2,771.8499999999999,1,2,2,Lost Customers
14662,28,4,771.1700000000003,2,0,0,Potential Customers
16770,57,5,770.1000000000004,2,0,0,Potential Customers
14412,42,2,770.0300000000001,2,0,0,Potential Customers
16480,75,1,769.2899999999997,2,0,0,Potential Customers
13356,80,1,768.2399999999999,2,0,0,Potential Customers
17516,15,5,768.0799999999997,2,0,0,Potential Customers
14550,10,2,765.62,2,0,0,Potential Customers
14672,234,2,765.55,1,2,2,Lost Customers
17695,131,2,765.34,2,0,0,Potential Customers
14885,131,1,765.3199999999999,2,0,0,Potential Customers
17268,107,4,763.64,2,0,0,Potential Customers
17466,10,2,763.2800000000003,2,0,0,Potential Customers
16470,51,4,762.39,2,0,0,Potential Customers
15599,26,2,761.7400000000002,2,0,0,Potential Customers
14883,18,6,761.5900000000001,2,0,0,Potential Customers
16205,30,4,761.3799999999999,2,0,0,Potential Customers
17425,19,2,759.1700000000003,2,0,0,Potential Customers
16036,87,2,758.92,2,0,0,Potential Customers
15568,2,3,758.2899999999997,2,0,0,Potential Customers
12413,66,3,758.0999999999999,2,0,0,Potential Customers
17979,35,4,757.7100000000002,2,0,0,Potential Customers
17461,22,3,757.4599999999997,2,0,0,Potential Customers
15223,225,2,755.7500000000001,1,2,2,Lost Customers
13370,371,1,754.8700000000002,1,2,2,Lost Customers
18104,37,1,754.6400000000001,2,0,0,Potential Customers
13730,135,2,752.6,2,0,0,Potential Customers
16256,266,1,752.4300000000001,1,2,2,Lost Customers
12908,176,2,750.0,1,2,2,Lost Customers
17146,105,3,749.7800000000001,2,0,0,Potential Customers
14923,50,1,749.1,2,0,0,Potential Customers
15074,105,1,748.8699999999999,2,0,0,Potential Customers
15656,45,4,748.5,2,0,0,Potential Customers
16859,144,2,747.8100000000002,1,0,0,Potential Customers
13623,30,5,747.7800000000003,2,0,0,Potential Customers
14201,60,7,747.44,2,0,0,Potential Customers
16261,17,4,746.8299999999999,2,0,0,Potential Customers
14050,31,2,746.3600000000001,2,0,0,Potential Customers
17034,16,3,745.5199999999999,2,0,0,Potential Customers
13950,11,4,745.0600000000002,2,0,0,Potential Customers
14790,16,4,745.0600000000001,2,0,0,Potential Customers
13236,24,2,744.8500000000001,2,0,0,Potential Customers
13354,71,1,743.5300000000003,2,0,0,Potential Customers
16730,52,3,743.1099999999999,2,0,0,Potential Customers
12374,25,1,742.9300000000001,2,0,0,Potential Customers
12465,17,2,742.1900000000003,2,0,0,Potential Customers
13753,287,1,741.26,1,2,2,Lost Customers
13900,183,3,740.9499999999999,1,2,2,Lost Customers
17692,127,4,740.9399999999998,2,0,0,Potential Customers
17974,24,3,740.7900000000004,2,0,0,Potential Customers
15252,36,2,740.7800000000001,2,0,0,Potential Customers
12603,21,1,739.2,2,0,0,Potential Customers
14756,15,1,738.9599999999998,2,0,0,Potential Customers
12976,211,1,738.5999999999999,1,2,2,Lost Customers
15045,151,2,735.66,1,2,2,Lost Customers
18156,12,2,734.9400000000005,2,0,0,Potential Customers
15215,46,3,734.94,2,0,0,Potential Customers
16362,32,5,734.7699999999998,2,0,0,Potential Customers
16146,157,3,734.1300000000001,1,2,2,Lost Customers
17812,12,4,732.1600000000002,2,0,0,Potential Customers
13575,23,5,732.0699999999997,2,0,0,Potential Customers
16099,50,3,731.8999999999997,2,0,0,Potential Customers
13736,5,2,731.8999999999997,2,0,0,Potential Customers
16491,46,1,731.4999999999998,2,0,0,Potential Customers
14778,127,2,730.8600000000001,2,0,0,Potential Customers
18035,35,3,730.4,2,0,0,Potential Customers
12468,187,2,729.5400000000002,1,2,2,Lost Customers
13077,1,4,729.2700000000001,2,0,0,Potential Customers
17666,3,2,728.1599999999999,2,0,0,Potential Customers
17888,21,8,726.0499999999998,2,0,0,Potential Customers
14869,8,2,725.6999999999998,2,0,0,Potential Customers
14055,106,1,725.64,2,0,0,Potential Customers
16140,65,2,725.1800000000001,2,0,0,Potential Customers
15584,23,4,725.1099999999997,2,0,0,Potential Customers
12723,3,5,725.0700000000002,2,0,0,Potential Customers
15636,89,2,724.76,2,0,0,Potential Customers
12475,53,1,723.3800000000001,2,0,0,Potential Customers
17521,29,3,723.2099999999999,2,0,0,Potential Customers
15272,57,2,721.9399999999998,2,0,0,Potential Customers
18062,173,3,720.52,1,2,2,Lost Customers
16023,46,3,719.8100000000001,2,0,0,Potential Customers
14179,40,2,719.78,2,0,0,Potential Customers
14725,24,1,718.0799999999999,2,0,0,Potential Customers
17884,3,4,717.4499999999995,2,0,0,Potential Customers
15274,4,2,716.5699999999999,2,0,0,Potential Customers
12535,91,2,716.35,2,0,0,Potential Customers
15400,92,5,716.2,2,0,0,Potential Customers
17029,110,2,716.0,2,0,0,Potential Customers
15330,32,2,714.96,2,0,0,Potential Customers
15757,65,2,714.42,2,0,0,Potential Customers
12616,95,2,713.3000000000001,2,0,0,Potential Customers
13169,63,2,712.8800000000001,2,0,0,Potential Customers
13147,10,4,712.8,2,0,0,Potential Customers
17761,32,1,712.7800000000002,2,0,0,Potential Customers
13416,43,2,712.5000000000001,2,0,0,Potential Customers
13587,63,1,712.4,2,0,0,Potential Customers
17642,119,2,712.2899999999998,2,0,0,Potential Customers
15855,136,5,712.2399999999998,2,0,0,Potential Customers
13705,7,3,711.8600000000001,2,0,0,Potential Customers
17179,178,3,711.79,1,2,2,Lost Customers
13249,92,3,711.41,2,0,0,Potential Customers
17472,191,3,710.29,1,2,2,Lost Customers
14867,185,3,710.2799999999999,1,2,2,Lost Customers
14127,122,3,709.7099999999995,2,0,0,Potential Customers
16136,59,3,709.3800000000003,2,0,0,Potential Customers
15951,8,2,708.2199999999999,2,0,0,Potential Customers
16449,197,2,707.69,1,2,2,Lost Customers
12453,134,1,707.0899999999999,2,0,0,Potential Customers
16364,11,2,707.0399999999998,2,0,0,Potential Customers
16309,106,2,706.5699999999999,2,0,0,Potential Customers
14880,77,3,706.1900000000002,2,0,0,Potential Customers
14126,7,3,706.1299999999999,2,0,0,Potential Customers
15038,58,6,705.4899999999997,2,0,0,Potential Customers
16015,3,3,705.3899999999993,2,0,0,Potential Customers
16882,66,3,705.1199999999998,2,0,0,Potential Customers
17934,51,2,704.25,2,0,0,Potential Customers
12612,74,1,704.04,2,0,0,Potential Customers
12883,24,4,703.4700000000001,2,0,0,Potential Customers
18082,25,1,703.3699999999997,2,0,0,Potential Customers
15103,31,2,703.36,2,0,0,Potential Customers
15574,177,4,702.2499999999999,1,2,2,Lost Customers
16997,288,3,702.0,1,2,2,Lost Customers
14198,18,4,701.3999999999999,2,0,0,Potential Customers
14356,79,2,701.2300000000001,2,0,0,Potential Customers
17321,8,2,700.86,2,0,0,Potential Customers
13238,17,4,700.7300000000001,2,0,0,Potential Customers
17734,53,3,700.63,2,0,0,Potential Customers
15800,107,2,699.08,2,0,0,Potential Customers
13258,11,3,698.5799999999999,2,0,0,Potential Customers
17423,46,2,698.4100000000004,2,0,0,Potential Customers
17796,40,4,697.9000000000002,2,0,0,Potential Customers
15053,4,3,697.7899999999997,2,0,0,Potential Customers
14829,29,4,697.5499999999998,2,0,0,Potential Customers
13596,5,2,697.0399999999998,2,0,0,Potential Customers
15700,172,2,696.6799999999997,1,2,2,Lost Customers
17397,22,2,696.4099999999997,2,0,0,Potential Customers
14009,198,2,695.61,1,2,2,Lost Customers
14959,64,4,695.4199999999998,2,0,0,Potential Customers
15304,60,8,694.4000000000001,2,0,0,Potential Customers
12925,4,2,694.0499999999998,2,0,0,Potential Customers
14643,170,2,693.8100000000001,1,2,2,Lost Customers
12410,308,2,693.33,1,2,2,Lost Customers
13601,45,2,693.3200000000003,2,0,0,Potential Customers
14111,14,4,692.85,2,0,0,Potential Customers
17198,23,3,692.2200000000001,2,0,0,Potential Customers
17733,38,2,692.1899999999999,2,0,0,Potential Customers
13838,5,4,691.7299999999998,2,0,0,Potential Customers
16212,19,2,690.34,2,0,0,Potential Customers
18085,330,2,689.95,1,2,2,Lost Customers
13023,64,2,689.9000000000002,2,0,0,Potential Customers
15181,66,3,689.4799999999999,2,0,0,Potential Customers
18196,95,2,689.13,2,0,0,Potential Customers
17502,9,4,689.0999999999998,2,0,0,Potential Customers
13799,116,2,688.8600000000001,2,0,0,Potential Customers
16642,4,2,688.3300000000002,2,0,0,Potential Customers
12658,18,1,686.0500000000002,2,0,0,Potential Customers
16122,73,4,684.4200000000001,2,0,0,Potential Customers
16495,3,3,684.4100000000004,2,0,0,Potential Customers
15669,40,4,684.3399999999999,2,0,0,Potential Customers
12942,131,3,683.9,2,0,0,Potential Customers
17874,185,6,683.4600000000002,1,2,2,Lost Customers
14222,177,1,683.17,1,2,2,Lost Customers
12838,33,2,683.13,2,0,0,Potential Customers
15582,24,3,682.91,2,0,0,Potential Customers
13548,96,2,682.41,2,0,0,Potential Customers
18135,29,5,681.9100000000001,2,0,0,Potential Customers
12478,3,1,680.99,2,0,0,Potential Customers
13524,40,5,680.1800000000001,2,0,0,Potential Customers
16872,77,3,680.02,2,0,0,Potential Customers
15322,85,1,679.6799999999998,2,0,0,Potential Customers
13430,18,2,679.4499999999999,2,0,0,Potential Customers
14788,7,2,679.4399999999998,2,0,0,Potential Customers
17994,121,4,678.4899999999997,2,0,0,Potential Customers
13925,92,4,678.25,2,0,0,Potential Customers
13607,40,1,678.01,2,0,0,Potential Customers
13388,131,2,677.1,2,0,0,Potential Customers
13040,8,2,676.9900000000001,2,0,0,Potential Customers
16377,267,1,676.2,1,2,2,Lost Customers
15626,74,2,675.7999999999998,2,0,0,Potential Customers
17462,60,2,675.6899999999998,2,0,0,Potential Customers
13325,81,1,675.3,2,0,0,Potential Customers
16418,44,3,675.2700000000001,2,0,0,Potential Customers
13355,122,1,674.6999999999997,2,0,0,Potential Customers
13464,58,1,674.6799999999998,2,0,0,Potential Customers
17749,178,2,674.52,1,2,2,Lost Customers
13951,176,3,674.4499999999997,1,2,2,Lost Customers
14504,47,4,673.2599999999996,2,0,0,Potential Customers
18121,149,2,673.1000000000001,1,2,2,Lost Customers
14628,91,2,671.96,2,0,0,Potential Customers
17883,3,4,671.7699999999995,2,0,0,Potential Customers
12638,33,1,671.69,2,0,0,Potential Customers
17299,11,4,669.1099999999998,2,0,0,Potential Customers
12418,112,1,668.5799999999998,2,0,0,Potential Customers
14342,21,4,668.5600000000001,2,0,0,Potential Customers
13741,71,3,668.4300000000001,2,0,0,Potential Customers
16383,74,2,668.3599999999997,2,0,0,Potential Customers
15031,4,4,668.1400000000001,2,0,0,Potential Customers
18022,35,1,668.1100000000001,2,0,0,Potential Customers
16268,71,2,667.6499999999999,2,0,0,Potential Customers
15969,2,3,666.0999999999999,2,0,0,Potential Customers
17777,24,3,665.86,2,0,0,Potential Customers
17105,159,2,665.7800000000004,1,2,2,Lost Customers
16056,45,1,664.8499999999998,2,0,0,Potential Customers
13963,308,4,664.5400000000001,1,2,2,Lost Customers
16208,44,2,664.2600000000001,2,0,0,Potential Customers
15643,191,3,664.0,1,2,2,Lost Customers
14720,5,3,663.8100000000003,2,0,0,Potential Customers
13240,96,4,663.6500000000002,2,0,0,Potential Customers
16573,84,2,663.6099999999998,2,0,0,Potential Customers
14451,60,2,662.59,2,0,0,Potential Customers
16014,37,3,662.3799999999994,2,0,0,Potential Customers
18218,211,2,662.08,1,2,2,Lost Customers
16774,67,4,661.5200000000002,2,0,0,Potential Customers
13028,22,2,661.32,2,0,0,Potential Customers
14603,274,1,660.0,1,2,2,Lost Customers
15492,28,2,659.46,2,0,0,Potential Customers
13518,85,1,659.4399999999998,2,0,0,Potential Customers
13759,33,2,659.4099999999999,2,0,0,Potential Customers
16357,33,3,658.8799999999999,2,0,0,Potential Customers
14150,35,2,658.6400000000001,2,0,0,Potential Customers
17779,21,3,658.5699999999999,2,0,0,Potential Customers
16696,135,4,657.9,2,0,0,Potential Customers
12577,35,3,657.8000000000004,2,0,0,Potential Customers
14818,73,3,657.8000000000001,2,0,0,Potential Customers
15648,204,2,657.3499999999998,1,2,2,Lost Customers
17459,43,2,657.3000000000002,2,0,0,Potential Customers
15677,49,1,657.23,2,0,0,Potential Customers
16157,15,3,656.6900000000002,2,0,0,Potential Customers
13049,64,2,656.68,2,0,0,Potential Customers
16708,45,1,656.6300000000001,2,0,0,Potential Customers
16127,39,1,656.25,2,0,0,Potential Customers
14894,85,1,655.75,2,0,0,Potential Customers
16444,46,4,654.6700000000002,2,0,0,Potential Customers
14651,67,2,654.5999999999999,2,0,0,Potential Customers
17398,114,3,653.3799999999998,2,0,0,Potential Customers
18151,134,2,653.3500000000001,2,0,0,Potential Customers
13496,10,2,653.3299999999999,2,0,0,Potential Customers
15205,85,2,653.2399999999999,2,0,0,Potential Customers
14044,26,4,652.8199999999993,2,0,0,Potential Customers
14548,150,2,652.8000000000001,1,2,2,Lost Customers
17523,11,4,652.74,2,0,0,Potential Customers
14034,22,3,651.8200000000002,2,0,0,Potential Customers
16734,52,3,650.51,2,0,0,Potential Customers
15571,11,4,650.4300000000001,2,0,0,Potential Customers
16469,23,4,650.43,2,0,0,Potential Customers
16969,39,3,650.4100000000002,2,0,0,Potential Customers
17373,40,4,646.9200000000001,2,0,0,Potential Customers
12589,28,2,646.68,2,0,0,Potential Customers
15651,36,3,646.3000000000002,2,0,0,Potential Customers
17545,43,3,645.9599999999999,2,0,0,Potential Customers
14855,119,2,645.6500000000001,2,0,0,Potential Customers
12719,5,2,644.95,2,0,0,Potential Customers
17312,138,3,644.3,2,0,0,Potential Customers
16431,213,3,642.8100000000003,1,2,2,Lost Customers
14020,16,2,642.8000000000001,2,0,0,Potential Customers
13034,54,2,642.7700000000001,2,0,0,Potential Customers
15384,169,2,642.41,1,2,2,Lost Customers
17046,157,1,642.02,1,2,2,Lost Customers
15297,10,3,641.9400000000002,2,0,0,Potential Customers
12365,291,2,641.3799999999999,1,2,2,Lost Customers
12624,106,2,641.1300000000001,2,0,0,Potential Customers
13417,4,2,640.83,2,0,0,Potential Customers
13318,1,3,640.7600000000001,2,0,0,Potential Customers
12631,57,1,640.5000000000001,2,0,0,Potential Customers
14301,117,1,640.1399999999999,2,0,0,Potential Customers
15919,19,2,639.8900000000001,2,0,0,Potential Customers
17515,31,4,639.02,2,0,0,Potential Customers
18160,57,2,638.0600000000002,2,0,0,Potential Customers
14754,44,2,638.0500000000002,2,0,0,Potential Customers
14664,19,2,637.89,2,0,0,Potential Customers
14128,60,2,637.5,2,0,0,Potential Customers
14481,164,2,636.5099999999999,1,2,2,Lost Customers
15829,99,2,636.1400000000001,2,0,0,Potential Customers
15773,5,1,635.6800000000001,2,0,0,Potential Customers
14000,211,1,635.6600000000001,1,2,2,Lost Customers
16139,18,3,635.4100000000002,2,0,0,Potential Customers
17985,22,1,634.9499999999998,2,0,0,Potential Customers
13892,26,4,632.97,2,0,0,Potential Customers
14220,247,2,632.4000000000001,1,2,2,Lost Customers
16306,213,6,632.2700000000001,1,2,2,Lost Customers
18183,227,2,632.07,1,2,2,Lost Customers
13822,5,2,632.0000000000001,2,0,0,Potential Customers
14021,155,3,631.9000000000001,1,2,2,Lost Customers
15244,65,2,631.5700000000002,2,0,0,Potential Customers
13539,85,3,631.34,2,0,0,Potential Customers
17990,236,3,630.8400000000001,1,2,2,Lost Customers
13046,30,2,629.31,2,0,0,Potential Customers
13525,14,2,628.78,2,0,0,Potential Customers
14687,106,1,628.3799999999999,2,0,0,Potential Customers
16022,260,1,628.28,1,2,2,Lost Customers
15028,8,4,627.13,2,0,0,Potential Customers
13546,12,3,626.99,2,0,0,Potential Customers
15402,148,2,626.7699999999999,1,2,2,Lost Customers
14036,284,1,626.6499999999999,1,2,2,Lost Customers
13914,11,2,626.4499999999999,2,0,0,Potential Customers
14382,26,1,626.0700000000002,2,0,0,Potential Customers
16750,44,5,623.93,2,0,0,Potential Customers
16718,369,1,623.75,1,2,2,Lost Customers
12649,107,3,623.5099999999999,2,0,0,Potential Customers
15147,240,1,623.5,1,2,2,Lost Customers
13368,256,2,623.4000000000001,1,2,2,Lost Customers
15258,168,2,623.16,1,2,2,Lost Customers
17499,289,1,622.88,1,2,2,Lost Customers
15182,154,2,622.8499999999999,1,2,2,Lost Customers
17460,94,6,622.43,2,0,0,Potential Customers
15768,115,3,621.83,2,0,0,Potential Customers
18217,29,2,621.7500000000001,2,0,0,Potential Customers
16915,9,6,621.68,2,0,0,Potential Customers
17640,86,1,621.66,2,0,0,Potential Customers
14152,75,2,621.2900000000001,2,0,0,Potential Customers
13402,127,2,621.23,2,0,0,Potential Customers
16141,88,1,620.4,2,0,0,Potential Customers
12667,58,1,620.1300000000001,2,0,0,Potential Customers
14529,60,3,620.0399999999997,2,0,0,Potential Customers
13493,275,2,618.6300000000001,1,2,2,Lost Customers
16613,70,1,618.5900000000001,2,0,0,Potential Customers
13145,39,4,618.52,2,0,0,Potential Customers
12596,51,2,618.2699999999999,2,0,0,Potential Customers
16134,21,2,618.09,2,0,0,Potential Customers
13301,103,4,618.0899999999998,2,0,0,Potential Customers
14593,21,3,617.9899999999999,2,0,0,Potential Customers
14377,191,2,617.05,1,2,2,Lost Customers
16442,1,3,616.79,2,0,0,Potential Customers
16311,17,2,616.26,2,0,0,Potential Customers
14905,157,2,616.1500000000001,1,2,2,Lost Customers
16005,12,4,615.3899999999991,2,0,0,Potential Customers
15275,37,1,615.1400000000001,2,0,0,Potential Customers
16566,15,5,614.66,2,0,0,Potential Customers
16116,211,1,612.7800000000001,1,2,2,Lost Customers
12513,112,1,612.2900000000002,2,0,0,Potential Customers
18149,50,3,612.0800000000002,2,0,0,Potential Customers
15232,113,2,612.06,2,0,0,Potential Customers
15645,18,1,612.0099999999999,2,0,0,Potential Customers
16109,218,2,611.8799999999998,1,2,2,Lost Customers
16763,198,1,611.8500000000001,1,2,2,Lost Customers
13731,219,2,610.59,1,2,2,Lost Customers
12673,5,2,610.52,2,0,0,Potential Customers
15795,149,1,610.0100000000003,1,2,2,Lost Customers
13357,257,1,609.95,1,2,2,Lost Customers
14636,36,2,609.85,2,0,0,Potential Customers
13933,109,2,608.79,2,0,0,Potential Customers
12933,24,3,607.5299999999999,2,0,0,Potential Customers
15573,31,2,607.4499999999996,2,0,0,Potential Customers
17119,3,2,606.91,2,0,0,Potential Customers
14710,14,4,606.13,2,0,0,Potential Customers
17849,218,4,605.8,1,2,2,Lost Customers
14133,129,3,605.64,2,0,0,Potential Customers
13888,119,2,605.63,2,0,0,Potential Customers
17507,261,2,605.5799999999998,1,2,2,Lost Customers
13233,74,2,605.12,2,0,0,Potential Customers
14323,114,2,605.06,2,0,0,Potential Customers
13558,5,4,605.0599999999995,2,0,0,Potential Customers
14675,16,1,604.7500000000001,2,0,0,Potential Customers
17664,18,2,604.64,2,0,0,Potential Customers
12944,35,2,604.51,2,0,0,Potential Customers
16732,31,1,603.75,2,0,0,Potential Customers
12556,50,2,603.71,2,0,0,Potential Customers
12707,291,1,603.42,1,2,2,Lost Customers
17259,148,2,603.3700000000001,1,2,2,Lost Customers
15366,75,2,602.5100000000001,2,0,0,Potential Customers
17890,322,2,602.0900000000003,1,2,2,Lost Customers
12654,10,5,601.98,2,0,0,Potential Customers
14609,72,4,601.5600000000001,2,0,0,Potential Customers
16654,141,4,601.2699999999999,2,0,0,Potential Customers
12420,63,1,600.39,2,0,0,Potential Customers
13243,203,1,600.0700000000002,1,2,2,Lost Customers
18211,25,5,600.07,2,0,0,Potential Customers
12872,326,2,599.9699999999999,1,2,2,Lost Customers
12521,142,1,599.6800000000001,1,0,0,Potential Customers
14965,96,2,598.9999999999998,2,0,0,Potential Customers
17420,50,3,598.8300000000002,2,0,0,Potential Customers
14467,17,4,598.76,2,0,0,Potential Customers
15720,24,1,598.7300000000001,2,0,0,Potential Customers
13311,4,2,598.57,2,0,0,Potential Customers
16298,22,3,598.1999999999999,2,0,0,Potential Customers
13959,79,3,598.1999999999998,2,0,0,Potential Customers
14108,30,2,597.91,2,0,0,Potential Customers
17864,12,3,597.5000000000005,2,0,0,Potential Customers
16788,123,2,597.4799999999998,2,0,0,Potential Customers
14645,156,2,597.0899999999999,1,2,2,Lost Customers
15381,213,2,596.8499999999999,1,2,2,Lost Customers
18246,23,2,596.1,2,0,0,Potential Customers
17658,25,2,595.4200000000001,2,0,0,Potential Customers
14284,30,2,595.25,2,0,0,Potential Customers
16325,46,3,594.24,2,0,0,Potential Customers
15442,248,1,594.0,1,2,2,Lost Customers
12917,128,1,594.0,2,0,0,Potential Customers
16535,5,1,593.7499999999999,2,0,0,Potential Customers
18232,81,4,592.9700000000001,2,0,0,Potential Customers
16203,58,4,592.9,2,0,0,Potential Customers
14692,137,4,591.5500000000001,2,0,0,Potential Customers
13276,63,2,590.9300000000001,2,0,0,Potential Customers
13452,259,2,590.0,1,2,2,Lost Customers
13270,366,1,590.0,1,2,2,Lost Customers
14882,26,2,589.7,2,0,0,Potential Customers
18123,24,2,589.4399999999999,2,0,0,Potential Customers
16723,91,2,589.15,2,0,0,Potential Customers
16838,197,2,588.8500000000001,1,2,2,Lost Customers
14338,161,2,588.2200000000003,1,2,2,Lost Customers
15624,116,4,588.1300000000001,2,0,0,Potential Customers
17351,36,3,587.15,2,0,0,Potential Customers
17014,8,3,586.33,2,0,0,Potential Customers
17360,17,3,585.79,2,0,0,Potential Customers
12384,28,2,585.27,2,0,0,Potential Customers
15222,318,1,585.0,1,2,2,Lost Customers
16384,89,2,584.5000000000001,2,0,0,Potential Customers
16072,288,1,584.3199999999999,1,2,2,Lost Customers
14023,7,2,584.0699999999999,2,0,0,Potential Customers
13557,28,2,584.06,2,0,0,Potential Customers
15762,65,2,583.7499999999999,2,0,0,Potential Customers
12426,194,1,582.7299999999999,1,2,2,Lost Customers
13427,19,3,582.6,2,0,0,Potential Customers
17970,211,1,582.59,1,2,2,Lost Customers
12695,7,4,582.1,2,0,0,Potential Customers
18095,312,2,580.05,1,2,2,Lost Customers
16906,81,4,579.7700000000001,2,0,0,Potential Customers
17142,239,1,579.0,1,2,2,Lost Customers
13292,38,2,578.9399999999999,2,0,0,Potential Customers
17540,24,2,578.9,2,0,0,Potential Customers
12601,189,5,577.0600000000001,1,2,2,Lost Customers
14176,297,4,576.9,1,2,2,Lost Customers
16916,23,2,576.2600000000002,2,0,0,Potential Customers
15830,37,1,575.9999999999998,2,0,0,Potential Customers
15550,4,4,575.6299999999999,2,0,0,Potential Customers
16345,44,1,575.41,2,0,0,Potential Customers
13487,57,3,575.3999999999999,2,0,0,Potential Customers
14167,39,4,574.84,2,0,0,Potential Customers
14400,149,1,574.7,1,2,2,Lost Customers
12784,9,2,574.4199999999998,2,0,0,Potential Customers
15339,66,2,574.0699999999998,2,0,0,Potential Customers
15303,290,1,574.0200000000001,1,2,2,Lost Customers
12879,44,3,573.22,2,0,0,Potential Customers
15415,313,1,572.8100000000001,1,2,2,Lost Customers
13379,26,3,572.5599999999996,2,0,0,Potential Customers
13405,74,3,572.45,2,0,0,Potential Customers
12816,95,2,572.1999999999999,2,0,0,Potential Customers
13816,23,2,571.6699999999998,2,0,0,Potential Customers
17616,173,3,571.2,1,2,2,Lost Customers
15821,44,2,570.96,2,0,0,Potential Customers
15315,64,2,570.4999999999998,2,0,0,Potential Customers
14592,35,3,570.4599999999999,2,0,0,Potential Customers
16667,68,2,570.1299999999999,2,0,0,Potential Customers
13939,23,3,568.5500000000001,2,0,0,Potential Customers
13321,72,2,567.36,2,0,0,Potential Customers
17897,172,3,566.6000000000001,1,2,2,Lost Customers
18150,32,3,566.5799999999999,2,0,0,Potential Customers
16278,100,1,566.3799999999999,2,0,0,Potential Customers
13894,23,3,564.6199999999999,2,0,0,Potential Customers
15344,0,3,563.9399999999999,2,0,0,Potential Customers
16933,1,2,563.23,2,0,0,Potential Customers
14753,87,1,563.1500000000001,2,0,0,Potential Customers
17265,138,2,562.9,2,0,0,Potential Customers
12414,217,3,562.4100000000001,1,2,2,Lost Customers
12559,310,2,561.7099999999999,1,2,2,Lost Customers
13946,79,3,561.57,2,0,0,Potential Customers
15655,243,1,560.67,1,2,2,Lost Customers
13044,291,1,560.4700000000001,1,2,2,Lost Customers
14273,51,4,559.9700000000001,2,0,0,Potential Customers
16275,196,1,559.8699999999999,1,2,2,Lost Customers
18043,24,3,559.5099999999996,2,0,0,Potential Customers
14177,86,4,559.41,2,0,0,Potential Customers
12866,283,1,559.1199999999999,1,2,2,Lost Customers
17503,2,2,558.9599999999999,2,0,0,Potential Customers
12987,73,2,558.7,2,0,0,Potential Customers
13800,309,1,558.3199999999998,1,2,2,Lost Customers
13260,61,1,557.62,2,0,0,Potential Customers
17955,198,4,557.3,1,2,2,Lost Customers
17295,28,3,556.9499999999999,2,0,0,Potential Customers
16385,60,3,555.8899999999999,2,0,0,Potential Customers
14805,15,4,554.65,2,0,0,Potential Customers
14891,148,2,554.3800000000001,1,2,2,Lost Customers
14618,9,3,553.44,2,0,0,Potential Customers
15068,46,2,553.3599999999998,2,0,0,Potential Customers
12363,109,2,551.9999999999999,2,0,0,Potential Customers
17674,74,2,551.04,2,0,0,Potential Customers
17291,308,1,550.8,1,2,2,Lost Customers
17235,25,2,550.06,2,0,0,Potential Customers
12390,79,1,549.8399999999999,2,0,0,Potential Customers
16340,107,1,549.0700000000002,2,0,0,Potential Customers
16536,110,1,548.97,2,0,0,Potential Customers
16031,92,2,548.9399999999997,2,0,0,Potential Customers
14474,46,1,547.66,2,0,0,Potential Customers
16811,4,2,547.0699999999999,2,0,0,Potential Customers
17637,31,2,547.06,2,0,0,Potential Customers
16211,88,1,547.0199999999999,2,0,0,Potential Customers
17520,53,1,546.8099999999998,2,0,0,Potential Customers
12743,134,2,546.43,2,0,0,Potential Customers
14997,46,3,546.2,2,0,0,Potential Customers
17806,11,1,546.04,2,0,0,Potential Customers
12793,334,2,545.48,1,2,2,Lost Customers
16475,88,4,544.3,2,0,0,Potential Customers
13617,40,3,544.1800000000001,2,0,0,Potential Customers
13390,74,1,544.0799999999999,2,0,0,Potential Customers
16927,115,3,543.0500000000001,2,0,0,Potential Customers
13278,40,1,542.7299999999998,2,0,0,Potential Customers
16230,189,2,542.03,1,2,2,Lost Customers
17447,40,2,541.53,2,0,0,Potential Customers
17557,14,3,541.4600000000002,2,0,0,Potential Customers
13874,358,1,540.45,1,2,2,Lost Customers
13812,42,3,539.0,2,0,0,Potential Customers
14496,311,2,538.8100000000001,1,2,2,Lost Customers
15452,29,3,538.73,2,0,0,Potential Customers
15469,50,2,538.55,2,0,0,Potential Customers
15539,7,1,538.4600000000002,2,0,0,Potential Customers
17062,313,4,538.3699999999999,1,2,2,Lost Customers
17345,15,4,537.7399999999999,2,0,0,Potential Customers
14539,15,2,537.4799999999999,2,0,0,Potential Customers
16206,54,4,537.06,2,0,0,Potential Customers
15043,31,1,537.0,2,0,0,Potential Customers
16804,23,3,536.9899999999999,2,0,0,Potential Customers
16233,71,3,536.68,2,0,0,Potential Customers
15535,173,4,536.3999999999996,1,2,2,Lost Customers
16142,249,1,535.34,1,2,2,Lost Customers
12988,292,1,535.3199999999999,1,2,2,Lost Customers
13000,106,3,534.8500000000001,2,0,0,Potential Customers
13385,329,1,534.5699999999999,1,2,2,Lost Customers
17443,219,1,534.24,1,2,2,Lost Customers
13434,74,2,534.24,2,0,0,Potential Customers
13217,122,3,533.9799999999999,2,0,0,Potential Customers
15433,213,2,533.3,1,2,2,Lost Customers
15756,61,4,532.9599999999996,2,0,0,Potential Customers
15825,172,1,532.94,1,2,2,Lost Customers
16706,37,3,531.35,2,0,0,Potential Customers
14265,109,2,530.18,2,0,0,Potential Customers
18159,301,1,530.15,1,2,2,Lost Customers
14002,134,2,529.73,2,0,0,Potential Customers
14463,98,3,529.6199999999999,2,0,0,Potential Customers
16185,16,2,529.4099999999999,2,0,0,Potential Customers
17631,1,3,528.33,2,0,0,Potential Customers
16602,36,1,528.0799999999999,2,0,0,Potential Customers
12479,11,1,527.2,2,0,0,Potential Customers
17623,32,1,527.0499999999998,2,0,0,Potential Customers
18252,50,2,526.6699999999998,2,0,0,Potential Customers
16892,1,5,525.5399999999998,2,0,0,Potential Customers
17290,3,2,525.2399999999998,2,0,0,Potential Customers
17429,128,3,524.9200000000001,2,0,0,Potential Customers
15467,9,3,524.8800000000001,2,0,0,Potential Customers
15891,226,1,524.5200000000001,1,2,2,Lost Customers
13721,36,1,524.1400000000001,2,0,0,Potential Customers
17329,14,2,523.11,2,0,0,Potential Customers
18017,81,3,523.0,2,0,0,Potential Customers
17712,44,1,522.91,2,0,0,Potential Customers
14871,3,4,522.3799999999998,2,0,0,Potential Customers
12863,52,1,521.2,2,0,0,Potential Customers
15149,133,1,520.8,2,0,0,Potential Customers
14873,210,1,519.68,1,2,2,Lost Customers
12571,39,2,519.6099999999999,2,0,0,Potential Customers
13643,31,3,519.44,2,0,0,Potential Customers
16955,184,4,518.6700000000001,1,2,2,Lost Customers
16650,71,1,518.4199999999998,2,0,0,Potential Customers
15030,71,2,518.28,2,0,0,Potential Customers
16135,262,1,517.55,1,2,2,Lost Customers
17454,192,4,517.5300000000001,1,2,2,Lost Customers
18205,36,2,517.3600000000001,2,0,0,Potential Customers
13043,273,1,516.42,1,2,2,Lost Customers
15882,198,4,516.3599999999999,1,2,2,Lost Customers
15809,36,5,515.7699999999999,2,0,0,Potential Customers
12811,260,3,514.85,1,2,2,Lost Customers
15246,238,2,514.1500000000001,1,2,2,Lost Customers
13005,173,2,513.7,1,2,2,Lost Customers
17513,72,1,513.2,2,0,0,Potential Customers
17805,73,1,512.3100000000001,2,0,0,Potential Customers
17480,77,1,511.82,2,0,0,Potential Customers
12582,238,2,511.36,1,2,2,Lost Customers
14851,23,2,511.3499999999999,2,0,0,Potential Customers
16561,5,2,511.12000000000006,2,0,0,Potential Customers
15406,31,2,510.7099999999999,2,0,0,Potential Customers
12904,18,2,509.57999999999976,2,0,0,Potential Customers
12436,99,1,509.01,2,0,0,Potential Customers
16898,26,3,508.8099999999997,2,0,0,Potential Customers
15417,85,1,508.80000000000007,2,0,0,Potential Customers
17391,163,2,508.8,1,2,2,Lost Customers
14317,64,1,508.58,2,0,0,Potential Customers
17958,116,1,508.46,2,0,0,Potential Customers
17415,79,1,507.84,2,0,0,Potential Customers
14158,40,1,507.6599999999998,2,0,0,Potential Customers
14820,21,4,507.29,2,0,0,Potential Customers
15721,11,1,507.0799999999999,2,0,0,Potential Customers
16960,38,3,507.0500000000002,2,0,0,Potential Customers
13885,189,2,506.8,1,2,2,Lost Customers
16614,182,1,506.1899999999999,1,2,2,Lost Customers
14014,77,1,505.18000000000006,2,0,0,Potential Customers
15081,22,5,504.79999999999984,2,0,0,Potential Customers
12991,23,2,503.76,2,0,0,Potential Customers
17630,169,2,503.5999999999999,1,2,2,Lost Customers
16863,31,2,502.8,2,0,0,Potential Customers
15006,51,1,502.08999999999975,2,0,0,Potential Customers
13865,58,4,501.56,2,0,0,Potential Customers
15881,312,5,501.38999999999993,1,2,2,Lost Customers
13116,138,1,501.1400000000001,1,0,0,Potential Customers
13247,17,4,501.12,2,0,0,Potential Customers
16616,15,2,500.4200000000001,2,0,0,Potential Customers
15389,172,1,500.0,1,2,2,Lost Customers
14958,147,3,499.68,1,2,2,Lost Customers
14077,40,5,499.4199999999999,2,0,0,Potential Customers
15193,60,1,499.3200000000001,2,0,0,Potential Customers
14681,71,3,498.95,2,0,0,Potential Customers
16488,33,3,498.8,2,0,0,Potential Customers
15142,46,1,498.74,2,0,0,Potential Customers
17053,130,1,498.48,2,0,0,Potential Customers
17298,101,2,498.4199999999999,2,0,0,Potential Customers
16820,95,1,497.60999999999984,2,0,0,Potential Customers
17495,7,2,497.56,2,0,0,Potential Customers
16368,2,2,497.4299999999998,2,0,0,Potential Customers
15300,64,1,496.44,2,0,0,Potential Customers
15018,38,3,496.2099999999999,2,0,0,Potential Customers
17374,218,2,495.7699999999999,1,2,2,Lost Customers
15448,312,1,494.6400000000001,1,2,2,Lost Customers
16352,17,2,494.44000000000005,2,0,0,Potential Customers
17333,85,1,494.25000000000006,2,0,0,Potential Customers
12763,138,2,494.08,2,0,0,Potential Customers
15877,1,2,493.28,2,0,0,Potential Customers
13176,46,1,492.84,2,0,0,Potential Customers
14270,331,1,492.6499999999999,1,2,2,Lost Customers
15507,171,1,492.3599999999999,1,2,2,Lost Customers
13732,28,1,491.85999999999984,2,0,0,Potential Customers
14236,80,2,490.86,2,0,0,Potential Customers
15000,47,1,490.51999999999975,2,0,0,Potential Customers
14416,22,2,490.22,2,0,0,Potential Customers
18074,373,1,489.6,1,2,2,Lost Customers
12809,177,1,489.31,1,2,2,Lost Customers
17361,49,3,488.2,2,0,0,Potential Customers
14396,65,2,487.9899999999999,2,0,0,Potential Customers
15165,373,1,487.75,1,2,2,Lost Customers
16643,245,1,487.5100000000001,1,2,2,Lost Customers
13338,157,1,487.02,1,2,2,Lost Customers
13675,151,2,486.82,1,2,2,Lost Customers
17453,17,2,486.7200000000001,2,0,0,Potential Customers
15287,22,2,486.69,2,0,0,Potential Customers
13153,5,1,486.2200000000001,2,0,0,Potential Customers
12639,238,1,486.1,1,2,2,Lost Customers
15109,245,1,484.9500000000001,1,2,2,Lost Customers
16999,23,2,484.82,2,0,0,Potential Customers
16504,25,1,484.3800000000001,2,0,0,Potential Customers
16518,61,2,484.3200000000001,2,0,0,Potential Customers
14130,319,1,483.85999999999984,1,2,2,Lost Customers
13531,205,2,483.80000000000007,1,2,2,Lost Customers
12808,36,3,483.65000000000015,2,0,0,Potential Customers
14147,78,2,483.4,2,0,0,Potential Customers
17555,19,2,483.2600000000001,2,0,0,Potential Customers
14450,180,3,483.25,1,2,2,Lost Customers
16603,74,2,482.47,2,0,0,Potential Customers
17950,72,3,482.19999999999993,2,0,0,Potential Customers
12504,18,2,482.05,2,0,0,Potential Customers
16693,68,2,482.00999999999993,2,0,0,Potential Customers
18216,31,1,481.75,2,0,0,Potential Customers
15091,67,1,480.71,2,0,0,Potential Customers
16812,360,1,479.35,1,2,2,Lost Customers
16008,23,3,478.78000000000014,2,0,0,Potential Customers
15589,255,3,478.53,1,2,2,Lost Customers
16768,47,3,478.0899999999999,2,0,0,Potential Customers
12644,129,1,477.91,2,0,0,Potential Customers
13092,70,5,477.8299999999999,2,0,0,Potential Customers
14320,206,2,477.79,1,2,2,Lost Customers
12447,243,1,476.49,1,2,2,Lost Customers
18176,358,1,476.35,1,2,2,Lost Customers
14853,24,2,475.8,2,0,0,Potential Customers
14497,309,1,475.37,1,2,2,Lost Customers
15780,183,3,475.28,1,2,2,Lost Customers
15349,158,2,473.8099999999999,1,2,2,Lost Customers
15557,28,1,473.65,2,0,0,Potential Customers
16374,66,2,473.0299999999996,2,0,0,Potential Customers
14013,110,3,473.02,2,0,0,Potential Customers
16038,7,3,471.78,2,0,0,Potential Customers
17964,31,2,471.6999999999999,2,0,0,Potential Customers
16885,15,3,471.5099999999997,2,0,0,Potential Customers
13066,24,2,470.80000000000007,2,0,0,Potential Customers
15963,19,2,470.7600000000001,2,0,0,Potential Customers
14431,302,1,470.36,1,2,2,Lost Customers
15471,2,1,469.4800000000001,2,0,0,Potential Customers
15026,80,3,469.0,2,0,0,Potential Customers
14896,204,2,468.77,1,2,2,Lost Customers
13171,21,3,468.41,2,0,0,Potential Customers
14335,16,2,468.25999999999993,2,0,0,Potential Customers
14029,63,2,467.66,2,0,0,Potential Customers
15468,51,2,467.5100000000001,2,0,0,Potential Customers
13579,14,2,467.04,2,0,0,Potential Customers
14205,16,2,466.7,2,0,0,Potential Customers
13248,124,2,465.68,2,0,0,Potential Customers
15036,72,3,465.55000000000007,2,0,0,Potential Customers
17140,247,1,465.32,1,2,2,Lost Customers
16742,46,1,464.9,2,0,0,Potential Customers
13928,10,4,464.5699999999999,2,0,0,Potential Customers
16586,248,1,463.95,1,2,2,Lost Customers
14967,49,1,463.8,2,0,0,Potential Customers
12787,9,3,463.66,2,0,0,Potential Customers
17418,42,2,463.46,2,0,0,Potential Customers
14489,207,1,463.38000000000005,1,2,2,Lost Customers
12945,288,1,462.95,1,2,2,Lost Customers
14331,124,2,462.66,2,0,0,Potential Customers
14470,11,2,461.19,2,0,0,Potential Customers
12391,21,1,460.8899999999997,2,0,0,Potential Customers
16824,15,2,460.64,2,0,0,Potential Customers
16805,173,2,460.5899999999998,1,2,2,Lost Customers
12491,38,1,460.4000000000001,2,0,0,Potential Customers
12355,214,1,459.4,1,2,2,Lost Customers
16589,71,3,459.2399999999999,2,0,0,Potential Customers
17880,364,1,458.9199999999999,1,2,2,Lost Customers
15754,51,3,458.57,2,0,0,Potential Customers
13506,316,2,458.52,1,2,2,Lost Customers
17392,306,2,457.9099999999999,1,2,2,Lost Customers
15092,215,2,457.81,1,2,2,Lost Customers
15121,50,2,457.7199999999999,2,0,0,Potential Customers
12375,10,2,457.50000000000006,2,0,0,Potential Customers
13398,192,1,457.3399999999999,1,2,2,Lost Customers
12564,261,1,456.9,1,2,2,Lost Customers
12999,196,3,455.88,1,2,2,Lost Customers
14513,100,3,455.59,2,0,0,Potential Customers
15585,176,1,455.30000000000007,1,2,2,Lost Customers
16529,190,1,455.25,1,2,2,Lost Customers
13485,233,1,454.24000000000007,1,2,2,Lost Customers
15475,77,1,454.11,2,0,0,Potential Customers
17564,24,3,454.0099999999999,2,0,0,Potential Customers
18158,9,2,453.4,2,0,0,Potential Customers
12729,113,1,453.01,2,0,0,Potential Customers
18071,257,2,453.0,1,2,2,Lost Customers
14184,66,1,452.89,2,0,0,Potential Customers
12591,317,1,452.85,1,2,2,Lost Customers
12970,7,4,452.23999999999984,2,0,0,Potential Customers
16574,71,1,451.43999999999977,2,0,0,Potential Customers
15802,142,1,451.42,1,0,0,Potential Customers
14173,10,4,450.84,2,0,0,Potential Customers
17040,137,1,449.7299999999999,2,0,0,Potential Customers
13489,105,4,449.52,2,0,0,Potential Customers
12448,44,1,449.4500000000001,2,0,0,Potential Customers
15739,66,1,449.12000000000006,2,0,0,Potential Customers
17579,4,3,448.8999999999999,2,0,0,Potential Customers
14780,54,2,447.68000000000006,2,0,0,Potential Customers
15646,157,3,447.63999999999993,1,2,2,Lost Customers
15456,283,3,447.2200000000001,1,2,2,Lost Customers
15368,21,1,446.94,2,0,0,Potential Customers
15889,156,2,446.8699999999997,1,2,2,Lost Customers
14149,220,1,446.62,1,2,2,Lost Customers
17370,72,4,446.18,2,0,0,Potential Customers
17190,58,2,444.74,2,0,0,Potential Customers
18006,23,1,444.68,2,0,0,Potential Customers
14638,50,1,443.6,2,0,0,Potential Customers
16404,70,1,443.0500000000001,2,0,0,Potential Customers
18222,92,1,443.0,2,0,0,Potential Customers
14093,12,1,442.8500000000002,2,0,0,Potential Customers
12579,78,1,440.42,2,0,0,Potential Customers
15524,24,1,440.0,2,0,0,Potential Customers
18233,325,1,440.0,1,2,2,Lost Customers
14022,225,1,439.9999999999999,1,2,2,Lost Customers
13954,1,2,439.92,2,0,0,Potential Customers
16025,29,1,439.6600000000001,2,0,0,Potential Customers
13359,63,1,439.55999999999983,2,0,0,Potential Customers
16968,4,2,439.4300000000001,2,0,0,Potential Customers
13358,268,1,439.03,1,2,2,Lost Customers
14272,73,2,437.96,2,0,0,Potential Customers
12552,38,2,437.82,2,0,0,Potential Customers
16034,196,3,437.7000000000001,1,2,2,Lost Customers
12592,92,2,437.6,2,0,0,Potential Customers
15553,60,1,437.23,2,0,0,Potential Customers
16084,299,1,436.18,1,2,2,Lost Customers
15551,36,1,436.06,2,0,0,Potential Customers
16948,138,3,435.0199999999999,2,0,0,Potential Customers
14910,2,4,434.3500000000001,2,0,0,Potential Customers
14460,110,3,434.34,2,0,0,Potential Customers
12493,165,2,433.74,1,2,2,Lost Customers
17035,245,2,433.53,1,2,2,Lost Customers
14157,19,2,432.88,2,0,0,Potential Customers
16236,78,1,432.2,2,0,0,Potential Customers
16881,66,1,432.0,2,0,0,Potential Customers
15976,165,2,430.93999999999966,1,2,2,Lost Customers
18106,329,1,430.7000000000001,1,2,2,Lost Customers
12452,16,2,430.5700000000001,2,0,0,Potential Customers
13245,50,1,430.5,2,0,0,Potential Customers
12795,18,1,430.48,2,0,0,Potential Customers
12827,5,3,430.15,2,0,0,Potential Customers
14998,170,2,429.87,1,2,2,Lost Customers
16884,37,2,429.84,2,0,0,Potential Customers
15450,30,1,429.8399999999999,2,0,0,Potential Customers
15230,239,2,429.6,1,2,2,Lost Customers
13602,64,1,428.89,2,0,0,Potential Customers
15957,31,1,428.89,2,0,0,Potential Customers
16324,128,3,428.6799999999998,2,0,0,Potential Customers
17869,107,5,428.18,2,0,0,Potential Customers
15360,39,1,427.93,2,0,0,Potential Customers
12725,371,1,427.8,1,2,2,Lost Customers
12403,49,1,427.7,2,0,0,Potential Customers
12740,63,1,427.6,2,0,0,Potential Customers
12802,186,1,427.5799999999999,1,2,2,Lost Customers
15994,54,1,427.07,2,0,0,Potential Customers
17223,310,2,426.7899999999998,1,2,2,Lost Customers
15930,67,1,426.63000000000005,2,0,0,Potential Customers
14288,213,1,426.6,1,2,2,Lost Customers
15639,134,1,425.32,2,0,0,Potential Customers
16780,100,2,425.19000000000005,2,0,0,Potential Customers
17134,106,2,425.0,2,0,0,Potential Customers
17371,17,3,423.8899999999997,2,0,0,Potential Customers
13140,108,3,423.7200000000001,2,0,0,Potential Customers
16119,8,2,423.36,2,0,0,Potential Customers
15012,53,2,423.0399999999997,2,0,0,Potential Customers
18034,21,2,422.8800000000001,2,0,0,Potential Customers
17525,359,1,422.7,1,2,2,Lost Customers
13473,60,2,422.64,2,0,0,Potential Customers
16689,75,2,422.6,2,0,0,Potential Customers
18240,46,1,422.58,2,0,0,Potential Customers
17232,2,2,421.52,2,0,0,Potential Customers
14757,75,1,420.50000000000006,2,0,0,Potential Customers
15206,10,4,420.3,2,0,0,Potential Customers
14124,84,1,419.58,2,0,0,Potential Customers
15361,361,1,418.92,1,2,2,Lost Customers
15967,23,2,418.8299999999999,2,0,0,Potential Customers
12593,108,3,418.1,2,0,0,Potential Customers
17701,252,1,417.9500000000001,1,2,2,Lost Customers
16629,73,2,417.7299999999999,2,0,0,Potential Customers
13615,318,1,417.69,1,2,2,Lost Customers
16737,53,1,417.6,2,0,0,Potential Customers
12833,145,1,417.38000000000005,1,2,2,Lost Customers
18001,12,2,417.23,2,0,0,Potential Customers
13166,283,1,417.1999999999999,1,2,2,Lost Customers
16816,103,4,417.06000000000006,2,0,0,Potential Customers
13889,92,1,416.8999999999999,2,0,0,Potential Customers
15935,239,2,416.8600000000001,1,2,2,Lost Customers
16957,239,2,416.64,1,2,2,Lost Customers
13085,157,2,416.08,1,2,2,Lost Customers
15803,51,1,415.82,2,0,0,Potential Customers
14139,46,1,415.82,2,0,0,Potential Customers
12930,78,2,415.8,2,0,0,Potential Customers
12580,246,1,415.69999999999993,1,2,2,Lost Customers
15725,15,1,415.25000000000006,2,0,0,Potential Customers
14333,67,1,415.2000000000001,2,0,0,Potential Customers
16795,365,1,414.88000000000005,1,2,2,Lost Customers
12993,23,4,414.76,2,0,0,Potential Customers
16239,56,2,414.2,2,0,0,Potential Customers
17483,65,3,414.04,2,0,0,Potential Customers
17052,28,1,413.75,2,0,0,Potential Customers
13974,49,1,413.5899999999999,2,0,0,Potential Customers
16834,227,1,413.4599999999999,1,2,2,Lost Customers
14620,205,2,412.78,1,2,2,Lost Customers
13827,57,3,412.0499999999998,2,0,0,Potential Customers
15523,84,1,412.00999999999993,2,0,0,Potential Customers
16272,116,1,411.7000000000001,2,0,0,Potential Customers
17913,58,2,411.6,2,0,0,Potential Customers
14670,280,2,411.5299999999999,1,2,2,Lost Customers
15186,14,2,411.41,2,0,0,Potential Customers
15099,84,1,410.48,2,0,0,Potential Customers
15695,266,2,409.98,1,2,2,Lost Customers
14048,305,1,409.93,1,2,2,Lost Customers
14348,260,1,409.57,1,2,2,Lost Customers
12990,31,3,409.50000000000006,2,0,0,Potential Customers
15225,234,1,409.4,1,2,2,Lost Customers
16243,33,2,409.0999999999999,2,0,0,Potential Customers
16018,39,2,408.9,2,0,0,Potential Customers
15269,23,1,408.8,2,0,0,Potential Customers
16399,19,2,408.5699999999998,2,0,0,Potential Customers
17931,134,2,408.36,2,0,0,Potential Customers
16010,245,3,407.4999999999999,1,2,2,Lost Customers
15184,29,2,406.76,2,0,0,Potential Customers
15127,65,1,406.53,2,0,0,Potential Customers
16947,235,1,406.4800000000001,1,2,2,Lost Customers
15342,129,1,406.0899999999999,2,0,0,Potential Customers
14616,242,3,406.08,1,2,2,Lost Customers
16204,23,1,405.7099999999999,2,0,0,Potential Customers
18036,32,3,405.6199999999999,2,0,0,Potential Customers
12922,161,1,405.38,1,2,2,Lost Customers
17379,11,1,404.6599999999999,2,0,0,Potential Customers
15938,112,5,404.58,2,0,0,Potential Customers
16319,217,1,404.4,1,2,2,Lost Customers
16484,173,2,404.30000000000007,1,2,2,Lost Customers
12498,21,3,403.7,2,0,0,Potential Customers
17431,313,1,403.3000000000001,1,2,2,Lost Customers
15221,366,1,403.25000000000006,1,2,2,Lost Customers
12386,337,2,401.9,1,2,2,Lost Customers
15158,45,1,401.4,2,0,0,Potential Customers
16500,4,6,400.86,2,0,0,Potential Customers
16198,75,1,400.68000000000006,2,0,0,Potential Customers
12792,256,1,400.54,1,2,2,Lost Customers
17375,199,3,400.1,1,2,2,Lost Customers
18164,37,1,399.65,2,0,0,Potential Customers
13255,9,2,399.51,2,0,0,Potential Customers
18154,3,2,399.19,2,0,0,Potential Customers
15522,32,2,398.84,2,0,0,Potential Customers
17830,1,3,398.69999999999993,2,0,0,Potential Customers
12508,26,2,398.27,2,0,0,Potential Customers
13352,60,1,397.98,2,0,0,Potential Customers
15429,26,2,397.3499999999998,2,0,0,Potential Customers
17926,133,2,397.2899999999999,2,0,0,Potential Customers
12824,59,1,397.12,2,0,0,Potential Customers
13594,52,1,396.9699999999999,2,0,0,Potential Customers
13673,18,2,396.92,2,0,0,Potential Customers
17486,261,1,396.87,1,2,2,Lost Customers
15883,2,2,396.48,2,0,0,Potential Customers
18067,40,1,396.3299999999999,2,0,0,Potential Customers
16354,63,2,395.8,2,0,0,Potential Customers
17603,78,1,394.72,2,0,0,Potential Customers
14619,245,1,394.44,1,2,2,Lost Customers
16207,25,1,394.38,2,0,0,Potential Customers
15386,186,1,394.14,1,2,2,Lost Customers
15264,64,1,393.74,2,0,0,Potential Customers
15345,45,1,393.54,2,0,0,Potential Customers
17226,308,1,393.49,1,2,2,Lost Customers
14600,305,1,393.33,1,2,2,Lost Customers
15837,64,1,391.98,2,0,0,Potential Customers
16917,276,1,391.52,1,2,2,Lost Customers
12982,242,1,390.54,1,2,2,Lost Customers
17614,57,1,390.0700000000001,2,0,0,Potential Customers
17936,5,1,389.84,2,0,0,Potential Customers
18024,152,2,389.78,1,2,2,Lost Customers
14752,43,1,389.64,2,0,0,Potential Customers
13873,119,3,389.6,2,0,0,Potential Customers
13345,287,1,389.5,1,2,2,Lost Customers
16250,261,2,389.44000000000005,1,2,2,Lost Customers
15847,38,2,389.2699999999999,2,0,0,Potential Customers
12690,205,1,389.01,1,2,2,Lost Customers
17595,12,2,388.7900000000001,2,0,0,Potential Customers
15592,46,1,388.58,2,0,0,Potential Customers
13899,16,2,388.5199999999999,2,0,0,Potential Customers
13856,168,3,388.5,1,2,2,Lost Customers
17438,253,1,388.45,1,2,2,Lost Customers
16776,60,1,388.28,2,0,0,Potential Customers
14538,64,2,388.25,2,0,0,Potential Customers
17357,24,2,388.1399999999998,2,0,0,Potential Customers
17817,4,3,387.68,2,0,0,Potential Customers
14420,99,1,387.52,2,0,0,Potential Customers
17508,280,1,387.31,1,2,2,Lost Customers
14114,273,2,386.53,1,2,2,Lost Customers
15664,50,1,386.43,2,0,0,Potential Customers
14779,280,3,386.1499999999999,1,2,2,Lost Customers
13821,144,2,385.6400000000001,1,0,0,Potential Customers
17711,10,2,385.1,2,0,0,Potential Customers
13919,59,2,384.81,2,0,0,Potential Customers
13833,159,1,384.79999999999984,1,2,2,Lost Customers
17250,3,2,384.52,2,0,0,Potential Customers
17189,106,2,384.3999999999999,2,0,0,Potential Customers
17205,53,1,384.08,2,0,0,Potential Customers
16982,60,1,384.06,2,0,0,Potential Customers
15048,65,4,384.04999999999984,2,0,0,Potential Customers
12733,234,1,383.95,1,2,2,Lost Customers
12515,353,1,383.69999999999993,1,2,2,Lost Customers
15440,54,3,383.68,2,0,0,Potential Customers
14304,222,1,383.4500000000001,1,2,2,Lost Customers
15424,254,2,383.34,1,2,2,Lost Customers
12832,32,2,383.03,2,0,0,Potential Customers
13817,29,2,382.9800000000001,2,0,0,Potential Customers
18181,24,1,382.7999999999999,2,0,0,Potential Customers
17239,312,1,382.5,1,2,2,Lost Customers
13657,10,2,382.13999999999993,2,0,0,Potential Customers
17999,37,2,382.06,2,0,0,Potential Customers
15090,308,1,381.32,1,2,2,Lost Customers
16441,67,2,381.2,2,0,0,Potential Customers
12871,84,2,380.64,2,0,0,Potential Customers
17573,29,3,380.5999999999999,2,0,0,Potential Customers
16930,26,3,380.55,2,0,0,Potential Customers
17138,275,1,380.5,1,2,2,Lost Customers
12890,24,1,380.4699999999999,2,0,0,Potential Customers
16769,260,1,380.3899999999999,1,2,2,Lost Customers
17031,11,2,380.35,2,0,0,Potential Customers
14731,47,3,380.02,2,0,0,Potential Customers
14594,7,2,379.8299999999999,2,0,0,Potential Customers
16552,242,2,379.73,1,2,2,Lost Customers
13589,14,2,379.6500000000001,2,0,0,Potential Customers
13656,164,2,379.65,1,2,2,Lost Customers
17878,43,1,379.44999999999993,2,0,0,Potential Customers
15885,92,3,379.3500000000001,2,0,0,Potential Customers
16909,72,1,379.14,2,0,0,Potential Customers
13372,89,1,378.64,2,0,0,Potential Customers
17078,36,2,378.2000000000001,2,0,0,Potential Customers
17736,9,3,377.44000000000005,2,0,0,Potential Customers
15025,33,1,377.00999999999993,2,0,0,Potential Customers
17489,58,2,376.64,2,0,0,Potential Customers
13936,179,1,376.58,1,2,2,Lost Customers
16858,368,1,375.69,1,2,2,Lost Customers
14448,9,2,375.35,2,0,0,Potential Customers
14079,124,1,375.1,2,0,0,Potential Customers
16147,133,1,375.0,2,0,0,Potential Customers
14067,63,2,374.69999999999993,2,0,0,Potential Customers
17492,248,1,374.57,1,2,2,Lost Customers
12873,282,1,374.0,1,2,2,Lost Customers
13351,66,1,373.94,2,0,0,Potential Customers
13569,17,2,373.7499999999997,2,0,0,Potential Customers
16321,72,5,373.65,2,0,0,Potential Customers
16903,29,1,373.24,2,0,0,Potential Customers
12895,42,2,372.8,2,0,0,Potential Customers
12544,36,1,372.7000000000001,2,0,0,Potential Customers
12981,29,2,372.22,2,0,0,Potential Customers
16065,365,1,372.08999999999975,1,2,2,Lost Customers
13300,169,1,371.89,1,2,2,Lost Customers
17765,158,3,371.8799999999999,1,2,2,Lost Customers
14690,44,2,371.69999999999993,2,0,0,Potential Customers
18155,75,3,371.62000000000006,2,0,0,Potential Customers
15472,113,1,371.56,2,0,0,Potential Customers
14950,19,1,371.19999999999993,2,0,0,Potential Customers
15975,84,1,371.0099999999999,2,0,0,Potential Customers
15063,213,1,370.8,1,2,2,Lost Customers
16343,16,2,370.48,2,0,0,Potential Customers
15922,373,1,369.5,1,2,2,Lost Customers
16758,65,1,369.34,2,0,0,Potential Customers
14888,207,1,369.2,1,2,2,Lost Customers
16372,33,2,367.9299999999999,2,0,0,Potential Customers
17911,9,1,366.23,2,0,0,Potential Customers
17358,303,2,365.8499999999999,1,2,2,Lost Customers
17432,18,2,365.7600000000001,2,0,0,Potential Customers
16499,360,2,365.45,1,2,2,Lost Customers
16202,360,1,365.27,1,2,2,Lost Customers
14886,252,1,364.8,1,2,2,Lost Customers
15949,16,2,364.72,2,0,0,Potential Customers
12373,311,1,364.6,1,2,2,Lost Customers
15343,87,1,364.5,2,0,0,Potential Customers
14528,37,1,364.22,2,0,0,Potential Customers
12538,29,1,363.95,2,0,0,Potential Customers
17330,22,2,363.9,2,0,0,Potential Customers
15901,16,3,363.88,2,0,0,Potential Customers
14171,98,1,363.79,2,0,0,Potential Customers
16509,296,1,363.7,1,2,2,Lost Customers
16485,77,1,363.65,2,0,0,Potential Customers
12915,148,2,363.65,1,2,2,Lost Customers
18056,288,1,363.6499999999999,1,2,2,Lost Customers
14932,365,1,363.53,1,2,2,Lost Customers
14427,50,2,363.3400000000001,2,0,0,Potential Customers
16378,247,3,362.95,1,2,2,Lost Customers
16052,54,1,362.06000000000006,2,0,0,Potential Customers
13844,11,1,361.6199999999999,2,0,0,Potential Customers
16305,138,1,361.22,1,0,0,Potential Customers
13291,155,1,361.11,1,2,2,Lost Customers
15872,14,2,360.92999999999984,2,0,0,Potential Customers
16595,61,1,360.16,2,0,0,Potential Customers
13780,7,2,360.0099999999999,2,0,0,Potential Customers
13298,1,1,360.0,2,0,0,Potential Customers
15120,133,1,358.82,2,0,0,Potential Customers
17948,147,1,358.56,1,2,2,Lost Customers
16823,227,1,358.38,1,2,2,Lost Customers
13228,81,1,358.0,2,0,0,Potential Customers
13976,206,1,357.98,1,2,2,Lost Customers
16274,373,1,357.94999999999993,1,2,2,Lost Customers
17025,60,3,357.77,2,0,0,Potential Customers
16971,38,1,357.2099999999999,2,0,0,Potential Customers
18040,19,2,357.20000000000005,2,0,0,Potential Customers
13453,165,2,356.98,1,2,2,Lost Customers
14500,88,3,356.85,2,0,0,Potential Customers
15713,143,2,356.7,1,0,0,Potential Customers
15247,122,1,356.0,2,0,0,Potential Customers
14537,57,1,355.56,2,0,0,Potential Customers
15840,58,2,355.55999999999995,2,0,0,Potential Customers
12617,29,1,355.53000000000003,2,0,0,Potential Customers
17742,113,2,355.11,2,0,0,Potential Customers
13642,215,1,354.79999999999995,1,2,2,Lost Customers
17222,65,1,354.15,2,0,0,Potential Customers
12888,214,2,354.12,1,2,2,Lost Customers
15870,32,1,354.0900000000001,2,0,0,Potential Customers
12845,267,4,354.09000000000003,1,2,2,Lost Customers
12715,106,1,353.86,2,0,0,Potential Customers
17252,116,2,353.85999999999973,2,0,0,Potential Customers
13173,4,2,353.65,2,0,0,Potential Customers
13210,93,1,353.48,2,0,0,Potential Customers
13343,177,1,353.43000000000006,1,2,2,Lost Customers
14804,8,1,353.2699999999999,2,0,0,Potential Customers
17976,372,1,353.1899999999999,1,2,2,Lost Customers
15678,52,1,352.7,2,0,0,Potential Customers
18112,12,2,352.69,2,0,0,Potential Customers
15334,156,3,351.6699999999999,1,2,2,Lost Customers
12566,86,1,351.65,2,0,0,Potential Customers
15789,358,1,351.3,1,2,2,Lost Customers
13923,53,1,351.13,2,0,0,Potential Customers
15900,23,1,351.11000000000007,2,0,0,Potential Customers
13332,14,1,350.90000000000003,2,0,0,Potential Customers
13740,240,1,350.74999999999994,1,2,2,Lost Customers
17835,2,3,350.6399999999999,2,0,0,Potential Customers
17795,179,2,350.39,1,2,2,Lost Customers
13108,372,1,350.06,1,2,2,Lost Customers
12532,30,1,349.83,2,0,0,Potential Customers
13670,75,1,349.6999999999999,2,0,0,Potential Customers
13887,204,1,349.55,1,2,2,Lost Customers
18250,310,1,349.27000000000004,1,2,2,Lost Customers
15405,189,1,349.1,1,2,2,Lost Customers
13927,74,1,348.99000000000007,2,0,0,Potential Customers
13790,4,1,348.7999999999999,2,0,0,Potential Customers
18127,19,3,348.72999999999985,2,0,0,Potential Customers
12527,81,3,348.71,2,0,0,Potential Customers
15579,68,2,348.6,2,0,0,Potential Customers
16159,281,1,348.2,1,2,2,Lost Customers
13052,212,1,348.15,1,2,2,Lost Customers
14379,44,2,348.1000000000001,2,0,0,Potential Customers
13497,282,2,348.05,1,2,2,Lost Customers
17668,1,2,347.74999999999994,2,0,0,Potential Customers
13062,191,1,346.98,1,2,2,Lost Customers
13649,256,2,346.6,1,2,2,Lost Customers
16423,24,1,346.12,2,0,0,Potential Customers
13091,28,1,345.82000000000005,2,0,0,Potential Customers
15781,25,3,345.46,2,0,0,Potential Customers
17123,161,1,345.29999999999995,1,2,2,Lost Customers
13774,81,1,344.9999999999999,2,0,0,Potential Customers
14633,266,1,344.9,1,2,2,Lost Customers
16978,77,1,344.33,2,0,0,Potential Customers
17569,332,1,344.14,1,2,2,Lost Customers
13068,10,2,344.0,2,0,0,Potential Customers
15047,269,1,343.61999999999995,1,2,2,Lost Customers
15520,1,1,343.5,2,0,0,Potential Customers
18081,36,3,343.45,2,0,0,Potential Customers
15880,369,1,343.27999999999986,1,2,2,Lost Customers
12875,143,2,343.23,1,0,0,Potential Customers
17201,53,1,342.62999999999994,2,0,0,Potential Customers
16851,4,3,342.45000000000005,2,0,0,Potential Customers
16826,51,1,341.70000000000005,2,0,0,Potential Customers
13347,70,1,341.36,2,0,0,Potential Customers
17917,45,3,341.27999999999986,2,0,0,Potential Customers
14491,175,2,340.93,1,2,2,Lost Customers
12519,63,1,340.84,2,0,0,Potential Customers
15115,18,1,340.11,2,0,0,Potential Customers
13737,200,1,339.6,1,2,2,Lost Customers
17045,113,3,339.44,2,0,0,Potential Customers
16545,164,1,339.3,1,2,2,Lost Customers
17697,236,1,338.95,1,2,2,Lost Customers
17839,42,1,338.80000000000007,2,0,0,Potential Customers
16183,67,1,338.7100000000001,2,0,0,Potential Customers
15652,91,1,337.74000000000007,2,0,0,Potential Customers
15942,133,1,337.44,2,0,0,Potential Customers
13930,57,2,337.34000000000003,2,0,0,Potential Customers
17973,51,1,337.04,2,0,0,Potential Customers
16105,248,1,336.96000000000004,1,2,2,Lost Customers
17914,3,1,336.42999999999984,2,0,0,Potential Customers
15619,10,1,336.4,2,0,0,Potential Customers
17384,19,2,336.3999999999999,2,0,0,Potential Customers
14954,12,1,336.1699999999998,2,0,0,Potential Customers
18078,217,2,336.13,1,2,2,Lost Customers
15921,172,1,336.0300000000001,1,2,2,Lost Customers
18276,43,1,335.86,2,0,0,Potential Customers
14196,106,1,335.52,2,0,0,Potential Customers
16063,260,1,335.32000000000005,1,2,2,Lost Customers
17221,7,2,335.13,2,0,0,Potential Customers
12489,336,1,334.93,1,2,2,Lost Customers
14988,211,1,334.54,1,2,2,Lost Customers
15466,85,1,334.52999999999986,2,0,0,Potential Customers
12350,310,1,334.4,1,2,2,Lost Customers
15918,190,2,334.2300000000001,1,2,2,Lost Customers
14264,154,2,333.9699999999999,1,2,2,Lost Customers
13216,267,1,333.74,1,2,2,Lost Customers
13727,28,2,333.48,2,0,0,Potential Customers
16625,274,1,333.08,1,2,2,Lost Customers
14902,25,1,332.66,2,0,0,Potential Customers
13904,37,2,332.64,2,0,0,Potential Customers
16850,333,1,332.41,1,2,2,Lost Customers
16803,65,1,332.3,2,0,0,Potential Customers
16177,50,1,331.95000000000005,2,0,0,Potential Customers
16030,309,1,331.2399999999999,1,2,2,Lost Customers
15210,225,1,331.18,1,2,2,Lost Customers
16478,25,3,331.0,2,0,0,Potential Customers
12891,185,3,331.0,1,2,2,Lost Customers
17862,323,1,330.9,1,2,2,Lost Customers
15714,11,2,330.8799999999999,2,0,0,Potential Customers
13706,302,1,330.7900000000001,1,2,2,Lost Customers
14517,33,2,330.45000000000005,2,0,0,Potential Customers
15130,169,1,330.11,1,2,2,Lost Customers
16593,50,3,330.0299999999999,2,0,0,Potential Customers
12953,9,1,329.85,2,0,0,Potential Customers
14716,43,2,329.67999999999995,2,0,0,Potential Customers
17866,142,1,329.6500000000001,1,0,0,Potential Customers
17615,130,3,329.6,2,0,0,Potential Customers
13239,261,1,329.55999999999995,1,2,2,Lost Customers
17154,75,1,329.33999999999986,2,0,0,Potential Customers
15153,31,1,329.24999999999994,2,0,0,Potential Customers
14012,277,1,328.8,1,2,2,Lost Customers
16855,23,2,328.4,2,0,0,Potential Customers
15213,318,2,328.35,1,2,2,Lost Customers
14747,249,1,328.20000000000005,1,2,2,Lost Customers
14206,239,1,328.1599999999999,1,2,2,Lost Customers
16318,35,1,328.15000000000003,2,0,0,Potential Customers
15314,199,1,327.97,1,2,2,Lost Customers
14024,121,2,327.70000000000005,2,0,0,Potential Customers
16366,18,1,327.3,2,0,0,Potential Customers
14870,261,1,327.25,1,2,2,Lost Customers
16322,1,2,326.75,2,0,0,Potential Customers
14987,15,2,326.4,2,0,0,Potential Customers
17715,200,1,326.4,1,2,2,Lost Customers
16071,44,1,326.23999999999995,2,0,0,Potential Customers
15363,372,1,325.99999999999994,1,2,2,Lost Customers
12844,29,2,325.9599999999999,2,0,0,Potential Customers
16830,38,1,325.91,2,0,0,Potential Customers
14850,311,1,325.75,1,2,2,Lost Customers
15944,276,1,325.1,1,2,2,Lost Customers
12790,192,1,324.92,1,2,2,Lost Customers
13801,66,1,324.8,2,0,0,Potential Customers
15597,35,1,324.57,2,0,0,Potential Customers
18261,43,2,324.24,2,0,0,Potential Customers
16685,61,2,324.24,2,0,0,Potential Customers
14555,57,2,324.14000000000004,2,0,0,Potential Customers
15675,81,3,323.69000000000005,2,0,0,Potential Customers
17793,25,1,323.03999999999985,2,0,0,Potential Customers
16739,176,1,323.00000000000006,1,2,2,Lost Customers
13955,154,2,322.96,1,2,2,Lost Customers
16627,79,1,322.80000000000007,2,0,0,Potential Customers
16342,75,4,322.41,2,0,0,Potential Customers
15224,358,2,322.08000000000004,1,2,2,Lost Customers
14424,17,1,322.08,2,0,0,Potential Customers
14484,50,1,321.9200000000001,2,0,0,Potential Customers
14823,180,3,321.42999999999995,1,2,2,Lost Customers
15236,298,1,321.05,1,2,2,Lost Customers
18117,25,1,320.72,2,0,0,Potential Customers
16096,264,1,320.62,1,2,2,Lost Customers
14622,184,1,320.58000000000004,1,2,2,Lost Customers
13986,17,1,320.46,2,0,0,Potential Customers
16674,54,2,319.61,2,0,0,Potential Customers
15107,311,6,319.5,1,2,2,Lost Customers
16967,189,1,319.02,1,2,2,Lost Customers
17157,7,2,319.00000000000006,2,0,0,Potential Customers
17229,96,2,318.76000000000005,2,0,0,Potential Customers
17248,120,1,318.65,2,0,0,Potential Customers
14703,14,1,318.17,2,0,0,Potential Customers
12648,154,1,318.05,1,2,2,Lost Customers
18066,75,1,318.0,2,0,0,Potential Customers
17172,78,1,317.76,2,0,0,Potential Customers
17267,127,2,317.61999999999995,2,0,0,Potential Customers
15101,8,2,317.5300000000001,2,0,0,Potential Customers
16386,28,2,317.1999999999999,2,0,0,Potential Customers
15257,283,1,317.15,1,2,2,Lost Customers
15385,40,1,316.87999999999994,2,0,0,Potential Customers
15243,74,1,316.67999999999995,2,0,0,Potential Customers
16761,96,1,316.62,2,0,0,Potential Customers
15204,357,1,316.58000000000004,1,2,2,Lost Customers
17458,15,1,316.50000000000006,2,0,0,Potential Customers
13494,311,1,316.25999999999993,1,2,2,Lost Customers
14479,253,2,316.24999999999994,1,2,2,Lost Customers
16473,164,3,316.11,1,2,2,Lost Customers
12614,277,1,315.6,1,2,2,Lost Customers
16091,154,2,315.06,1,2,2,Lost Customers
15766,64,1,315.05999999999995,2,0,0,Potential Customers
17237,11,2,314.68999999999994,2,0,0,Potential Customers
16193,236,1,314.45,1,2,2,Lost Customers
12650,3,1,314.4400000000001,2,0,0,Potential Customers
16227,225,1,314.22,1,2,2,Lost Customers
15970,303,1,314.1,1,2,2,Lost Customers
13484,241,1,313.79999999999995,1,2,2,Lost Customers
16582,113,1,313.62,2,0,0,Potential Customers
14729,373,1,313.49000000000007,1,2,2,Lost Customers
13845,64,1,312.98,2,0,0,Potential Customers
15318,3,1,312.62,2,0,0,Potential Customers
12834,282,1,312.38000000000005,1,2,2,Lost Customers
17362,239,2,312.23,1,2,2,Lost Customers
17070,114,1,312.1399999999999,2,0,0,Potential Customers
12785,364,1,311.95,1,2,2,Lost Customers
16450,149,1,311.92,1,2,2,Lost Customers
14142,373,1,311.81,1,2,2,Lost Customers
15326,333,1,311.71000000000004,1,2,2,Lost Customers
14951,79,1,311.69,2,0,0,Potential Customers
14327,163,1,311.65000000000003,1,2,2,Lost Customers
12852,294,1,311.54999999999995,1,2,2,Lost Customers
13990,213,1,311.29999999999995,1,2,2,Lost Customers
17854,185,2,311.26,1,2,2,Lost Customers
16781,372,1,311.25,1,2,2,Lost Customers
13897,50,1,311.16,2,0,0,Potential Customers
17912,310,5,311.01,1,2,2,Lost Customers
17266,2,3,310.64,2,0,0,Potential Customers
15185,70,1,310.62000000000006,2,0,0,Potential Customers
15308,274,1,310.4699999999999,1,2,2,Lost Customers
14311,242,1,310.26,1,2,2,Lost Customers
14924,245,1,310.05,1,2,2,Lost Customers
15661,317,2,309.80000000000007,1,2,2,Lost Customers
15699,17,1,309.65,2,0,0,Potential Customers
16810,192,1,309.54,1,2,2,Lost Customers
14339,242,1,309.52,1,2,2,Lost Customers
14847,148,1,309.4,1,2,2,Lost Customers
17604,217,2,309.36,1,2,2,Lost Customers
12884,88,1,309.05,2,0,0,Potential Customers
13787,75,2,309.04,2,0,0,Potential Customers
15010,35,1,308.9399999999999,2,0,0,Potential Customers
16956,17,1,308.74000000000007,2,0,0,Potential Customers
13699,155,1,308.58000000000004,1,2,2,Lost Customers
17510,24,1,308.48,2,0,0,Potential Customers
13369,365,1,308.28,1,2,2,Lost Customers
13466,184,1,307.9,1,2,2,Lost Customers
15973,366,1,307.82,1,2,2,Lost Customers
16123,51,1,307.78,2,0,0,Potential Customers
13529,78,2,307.76000000000005,2,0,0,Potential Customers
13395,185,1,307.72,1,2,2,Lost Customers
13060,253,1,307.53000000000003,1,2,2,Lost Customers
14915,91,2,307.48,2,0,0,Potential Customers
17120,233,1,307.46,1,2,2,Lost Customers
13932,294,1,307.3999999999999,1,2,2,Lost Customers
13142,19,1,307.09000000000003,2,0,0,Potential Customers
17334,302,2,307.02,1,2,2,Lost Customers
15087,281,1,306.93999999999994,1,2,2,Lost Customers
17551,359,1,306.84,1,2,2,Lost Customers
13762,218,1,306.72,1,2,2,Lost Customers
16668,15,6,306.72,2,0,0,Potential Customers
13718,246,2,306.54999999999995,1,2,2,Lost Customers
18059,23,3,306.46000000000004,2,0,0,Potential Customers
15659,43,1,306.45,2,0,0,Potential Customers
17176,201,1,306.13,1,2,2,Lost Customers
13863,247,1,305.78,1,2,2,Lost Customers
15219,176,1,305.75,1,2,2,Lost Customers
16796,89,1,305.62,2,0,0,Potential Customers
16181,73,1,305.54,2,0,0,Potential Customers
18220,226,1,305.28,1,2,2,Lost Customers
13045,99,1,305.2799999999999,2,0,0,Potential Customers
12623,276,1,305.1,1,2,2,Lost Customers
13667,149,1,305.0199999999999,1,2,2,Lost Customers
17941,130,1,304.56,2,0,0,Potential Customers
15163,18,2,304.46999999999986,2,0,0,Potential Customers
16217,235,2,304.25000000000006,1,2,2,Lost Customers
18185,249,1,304.25,1,2,2,Lost Customers
17732,372,1,303.97,1,2,2,Lost Customers
16400,94,1,303.93,2,0,0,Potential Customers
13083,4,2,303.75,2,0,0,Potential Customers
17433,88,1,303.16,2,0,0,Potential Customers
15060,8,4,303.0899999999999,2,0,0,Potential Customers
16425,302,1,302.7,1,2,2,Lost Customers
14248,318,1,302.58,1,2,2,Lost Customers
18165,177,1,302.46000000000004,1,2,2,Lost Customers
16104,61,1,302.36,2,0,0,Potential Customers
16292,121,1,302.25,2,0,0,Potential Customers
17506,75,1,302.20000000000005,2,0,0,Potential Customers
15054,12,2,302.0999999999999,2,0,0,Potential Customers
17094,322,1,302.0,1,2,2,Lost Customers
16297,268,1,301.9,1,2,2,Lost Customers
16715,78,1,301.7200000000001,2,0,0,Potential Customers
15667,39,1,301.32,2,0,0,Potential Customers
15148,10,1,301.29,2,0,0,Potential Customers
15623,141,1,301.03,1,0,0,Potential Customers
13479,200,2,300.95,1,2,2,Lost Customers
17978,365,1,300.92,1,2,2,Lost Customers
16430,57,1,300.85,2,0,0,Potential Customers
16479,10,2,300.83,2,0,0,Potential Customers
14762,263,1,300.52,1,2,2,Lost Customers
13304,351,1,300.42,1,2,2,Lost Customers
15254,127,1,300.36,2,0,0,Potential Customers
13745,162,1,300.0400000000001,1,2,2,Lost Customers
18053,70,1,300.02000000000004,2,0,0,Potential Customers
16402,264,2,299.6,1,2,2,Lost Customers
18215,89,1,299.34,2,0,0,Potential Customers
17124,185,1,298.89000000000004,1,2,2,Lost Customers
15609,184,1,298.48,1,2,2,Lost Customers
17255,40,2,298.4099999999999,2,0,0,Potential Customers
17824,51,1,298.4,2,0,0,Potential Customers
17678,263,1,298.11,1,2,2,Lost Customers
12881,275,1,298.0,1,2,2,Lost Customers
15857,18,1,297.0,2,0,0,Potential Customers
13708,271,1,296.88,1,2,2,Lost Customers
14985,198,2,296.7499999999998,1,2,2,Lost Customers
17531,190,1,296.7,1,2,2,Lost Customers
13441,91,1,296.64000000000004,2,0,0,Potential Customers
15154,75,1,296.4200000000001,2,0,0,Potential Customers
13751,288,1,296.25000000000006,1,2,2,Lost Customers
13504,64,1,295.93,2,0,0,Potential Customers
16998,149,4,295.0,1,2,2,Lost Customers
13573,50,2,294.4,2,0,0,Potential Customers
15732,212,2,294.11999999999995,1,2,2,Lost Customers
17163,21,2,293.1,2,0,0,Potential Customers
12829,336,2,293.0,1,2,2,Lost Customers
15545,54,2,292.72,2,0,0,Potential Customers
16721,262,1,292.47,1,2,2,Lost Customers
13259,61,1,292.31999999999994,2,0,0,Potential Customers
13502,16,3,291.99999999999994,2,0,0,Potential Customers
13449,23,1,291.88,2,0,0,Potential Customers
13544,39,2,291.41,2,0,0,Potential Customers
14656,169,2,291.0499999999999,1,2,2,Lost Customers
14947,72,2,290.82,2,0,0,Potential Customers
16648,42,1,290.66,2,0,0,Potential Customers
15279,354,1,290.51,1,2,2,Lost Customers
17691,358,2,290.4,1,2,2,Lost Customers
16526,171,1,290.36,1,2,2,Lost Customers
17081,25,2,290.16,2,0,0,Potential Customers
14784,26,2,289.99,2,0,0,Potential Customers
17464,158,1,289.96000000000004,1,2,2,Lost Customers
14953,25,1,289.8199999999999,2,0,0,Potential Customers
16897,299,2,289.78000000000003,1,2,2,Lost Customers
14162,173,2,289.36,1,2,2,Lost Customers
16125,367,1,289.35,1,2,2,Lost Customers
14549,311,1,289.2399999999999,1,2,2,Lost Customers
17501,220,2,288.6,1,2,2,Lost Customers
16808,99,2,288.42,2,0,0,Potential Customers
15396,112,1,288.18000000000006,2,0,0,Potential Customers
17977,29,1,288.14,2,0,0,Potential Customers
17080,22,2,287.62,2,0,0,Potential Customers
17760,21,2,287.59000000000003,2,0,0,Potential Customers
16432,64,1,287.40000000000003,2,0,0,Potential Customers
13760,54,2,286.7900000000001,2,0,0,Potential Customers
16555,35,2,285.89,2,0,0,Potential Customers
14660,86,2,285.73999999999995,2,0,0,Potential Customers
17636,19,1,285.56000000000006,2,0,0,Potential Customers
16429,106,1,284.55,2,0,0,Potential Customers
18190,192,2,284.46000000000004,1,2,2,Lost Customers
13121,269,1,283.7299999999999,1,2,2,Lost Customers
13439,255,1,283.7100000000001,1,2,2,Lost Customers
12703,71,1,283.55,2,0,0,Potential Customers
17783,72,2,283.47,2,0,0,Potential Customers
17251,362,1,283.28,1,2,2,Lost Customers
18270,38,2,283.15000000000003,2,0,0,Potential Customers
17694,141,1,283.12000000000006,1,0,0,Potential Customers
14350,274,1,282.93,1,2,2,Lost Customers
13754,151,2,282.6,1,2,2,Lost Customers
13177,64,1,282.45,2,0,0,Potential Customers
17247,15,1,282.1899999999998,2,0,0,Potential Customers
16557,24,2,281.85,2,0,0,Potential Customers
17403,36,1,281.62000000000006,2,0,0,Potential Customers
16848,52,1,281.42,2,0,0,Potential Customers
14242,234,2,280.55000000000007,1,2,2,Lost Customers
13606,29,3,280.54,2,0,0,Potential Customers
16149,4,2,280.52,2,0,0,Potential Customers
14975,57,1,279.94,2,0,0,Potential Customers
15556,24,1,279.77,2,0,0,Potential Customers
14480,11,1,279.05,2,0,0,Potential Customers
17786,85,2,278.74,2,0,0,Potential Customers
14764,46,1,278.3,2,0,0,Potential Customers
14908,74,1,277.8,2,0,0,Potential Customers
17968,373,1,277.35,1,2,2,Lost Customers
13803,255,1,277.07,1,2,2,Lost Customers
15355,29,2,277.05000000000007,2,0,0,Potential Customers
16883,187,2,276.7299999999999,1,2,2,Lost Customers
13272,31,2,276.55999999999995,2,0,0,Potential Customers
14508,22,2,276.42,2,0,0,Potential Customers
12750,128,1,275.88,2,0,0,Potential Customers
14512,187,2,275.28,1,2,2,Lost Customers
16313,3,2,274.15,2,0,0,Potential Customers
16727,364,1,272.82,1,2,2,Lost Customers
17254,4,2,272.4399999999998,2,0,0,Potential Customers
17498,75,1,272.22,2,0,0,Potential Customers
14819,64,2,272.07,2,0,0,Potential Customers
13917,49,2,272.04,2,0,0,Potential Customers
14816,197,1,271.85,1,2,2,Lost Customers
13058,24,3,271.40000000000003,2,0,0,Potential Customers
13837,211,2,271.23999999999995,1,2,2,Lost Customers
17767,15,1,271.2,2,0,0,Potential Customers
17496,358,1,271.04999999999995,1,2,2,Lost Customers
18108,254,1,270.99999999999994,1,2,2,Lost Customers
17011,30,1,270.90000000000003,2,0,0,Potential Customers
15774,68,1,270.79999999999995,2,0,0,Potential Customers
13533,182,3,270.7900000000002,1,2,2,Lost Customers
14520,1,2,270.6,2,0,0,Potential Customers
13242,112,3,270.40000000000003,2,0,0,Potential Customers
12558,7,1,269.96,2,0,0,Potential Customers
14727,274,1,268.58000000000004,1,2,2,Lost Customers
15408,264,1,267.18,1,2,2,Lost Customers
17550,197,3,267.1600000000001,1,2,2,Lost Customers
15320,44,1,267.13,2,0,0,Potential Customers
17708,187,2,267.08,1,2,2,Lost Customers
15517,233,1,267.03,1,2,2,Lost Customers
16451,87,1,266.97,2,0,0,Potential Customers
14863,29,1,266.76,2,0,0,Potential Customers
15119,245,1,266.4,1,2,2,Lost Customers
12962,7,2,266.39,2,0,0,Potential Customers
15019,266,1,265.99999999999994,1,2,2,Lost Customers
14068,320,1,265.85,1,2,2,Lost Customers
17430,32,2,265.76,2,0,0,Potential Customers
14423,218,1,265.2,1,2,2,Lost Customers
13973,287,1,264.70000000000005,1,2,2,Lost Customers
15912,178,2,264.62,1,2,2,Lost Customers
14452,10,2,264.44,2,0,0,Potential Customers
15894,253,2,263.54999999999995,1,2,2,Lost Customers
12492,63,2,263.21,2,0,0,Potential Customers
16936,25,1,262.67999999999995,2,0,0,Potential Customers
17194,273,2,262.62,1,2,2,Lost Customers
16413,56,1,262.2,2,0,0,Potential Customers
17385,14,1,261.11,2,0,0,Potential Customers
13189,18,2,260.68,2,0,0,Potential Customers
14053,124,2,260.25,2,0,0,Potential Customers
15014,43,2,260.17,2,0,0,Potential Customers
15143,225,1,259.45,1,2,2,Lost Customers
17125,50,1,259.35,2,0,0,Potential Customers
13127,77,1,259.17,2,0,0,Potential Customers
16447,135,1,259.01,2,0,0,Potential Customers
15577,151,3,258.8799999999999,1,2,2,Lost Customers
13277,15,4,258.4,2,0,0,Potential Customers
13227,201,1,257.7,1,2,2,Lost Customers
14375,185,1,257.6799999999999,1,2,2,Lost Customers
18009,235,1,257.34000000000003,1,2,2,Lost Customers
13626,252,1,257.23,1,2,2,Lost Customers
16048,373,2,256.44,1,2,2,Lost Customers
12430,43,1,256.4,2,0,0,Potential Customers
13806,63,1,256.38,2,0,0,Potential Customers
17896,23,1,256.32,2,0,0,Potential Customers
15277,46,1,255.9,2,0,0,Potential Customers
14761,58,2,255.9,2,0,0,Potential Customers
14881,19,1,255.4,2,0,0,Potential Customers
16226,203,3,255.12,1,2,2,Lost Customers
15261,135,1,254.82,2,0,0,Potential Customers
12604,79,2,254.17999999999992,2,0,0,Potential Customers
14765,29,3,254.11,2,0,0,Potential Customers
15689,119,2,254.1,2,0,0,Potential Customers
12797,365,1,254.03,1,2,2,Lost Customers
15759,218,3,253.04,1,2,2,Lost Customers
17860,368,1,252.79999999999995,1,2,2,Lost Customers
15035,89,1,252.73,2,0,0,Potential Customers
13404,1,2,252.49,2,0,0,Potential Customers
15346,332,1,252.42,1,2,2,Lost Customers
13645,120,1,252.1,2,0,0,Potential Customers
13711,218,2,252.06,1,2,2,Lost Customers
16330,17,3,251.91000000000005,2,0,0,Potential Customers
16836,39,2,251.87,2,0,0,Potential Customers
17155,17,2,251.69999999999996,2,0,0,Potential Customers
16976,267,1,251.52,1,2,2,Lost Customers
16024,12,1,251.24,2,0,0,Potential Customers
13512,260,1,251.21,1,2,2,Lost Customers
14501,183,2,251.21,1,2,2,Lost Customers
13207,15,2,250.26,2,0,0,Potential Customers
16596,15,2,250.15,2,0,0,Potential Customers
17303,361,1,250.04,1,2,2,Lost Customers
15510,330,1,250.0,1,2,2,Lost Customers
17456,365,1,249.86,1,2,2,Lost Customers
18005,3,2,249.71999999999989,2,0,0,Potential Customers
16124,317,1,249.00000000000003,1,2,2,Lost Customers
13061,72,1,248.61,2,0,0,Potential Customers
17111,47,1,248.61,2,0,0,Potential Customers
18212,326,1,248.42,1,2,2,Lost Customers
16510,372,1,248.1,1,2,2,Lost Customers
15097,4,1,248.08,2,0,0,Potential Customers
13592,35,4,247.96,2,0,0,Potential Customers
18072,185,1,247.44000000000003,1,2,2,Lost Customers
13349,10,1,247.32,2,0,0,Potential Customers
14658,5,2,247.14999999999995,2,0,0,Potential Customers
17051,194,1,247.14,1,2,2,Lost Customers
15783,10,1,246.3,2,0,0,Potential Customers
17278,241,1,246.04,1,2,2,Lost Customers
16778,74,2,245.94,2,0,0,Potential Customers
17771,56,2,245.81,2,0,0,Potential Customers
12660,11,1,245.1,2,0,0,Potential Customers
15118,134,1,244.8,2,0,0,Potential Customers
16601,40,1,244.8,2,0,0,Potential Customers
16528,3,1,244.41,2,0,0,Potential Customers
17892,56,3,244.1,2,0,0,Potential Customers
17925,372,1,244.08,1,2,2,Lost Customers
13103,39,1,243.94000000000003,2,0,0,Potential Customers
16793,57,1,243.83999999999995,2,0,0,Potential Customers
18193,165,1,243.76,1,2,2,Lost Customers
13886,71,1,243.56,2,0,0,Potential Customers
15634,17,1,243.54999999999995,2,0,0,Potential Customers
17339,94,2,243.36,2,0,0,Potential Customers
17908,373,1,243.27999999999997,1,2,2,Lost Customers
14647,201,1,243.2199999999999,1,2,2,Lost Customers
16215,80,1,242.35,2,0,0,Potential Customers
15776,133,1,241.62000000000003,2,0,0,Potential Customers
14523,108,1,241.09,2,0,0,Potential Customers
16427,263,2,241.06,1,2,2,Lost Customers
15598,53,1,240.67999999999995,2,0,0,Potential Customers
15286,49,1,240.55,2,0,0,Potential Customers
13565,19,2,240.22000000000008,2,0,0,Potential Customers
17256,107,2,239.99999999999997,2,0,0,Potential Customers
17181,57,2,239.91999999999996,2,0,0,Potential Customers
15690,4,2,239.76,2,0,0,Potential Customers
13570,243,1,239.48999999999995,1,2,2,Lost Customers
17684,43,1,239.41000000000005,2,0,0,Potential Customers
16756,214,1,239.4,1,2,2,Lost Customers
15850,19,2,238.85000000000005,2,0,0,Potential Customers
12561,302,1,238.85,1,2,2,Lost Customers
12718,71,1,238.24999999999997,2,0,0,Potential Customers
17877,170,1,237.61,1,2,2,Lost Customers
14586,276,1,237.35999999999996,1,2,2,Lost Customers
15457,262,1,237.0700000000001,1,2,2,Lost Customers
18110,19,1,236.3000000000001,2,0,0,Potential Customers
12732,179,1,236.26000000000008,1,2,2,Lost Customers
16026,43,1,236.09,2,0,0,Potential Customers
13187,337,1,236.02,1,2,2,Lost Customers
15462,94,3,234.6,2,0,0,Potential Customers
14473,74,2,234.34,2,0,0,Potential Customers
17060,266,1,234.23999999999995,1,2,2,Lost Customers
16961,116,1,234.17,2,0,0,Potential Customers
12736,332,1,234.00000000000003,1,2,2,Lost Customers
15483,161,4,233.81000000000003,1,2,2,Lost Customers
13348,64,1,233.76,2,0,0,Potential Customers
16583,373,1,233.45,1,2,2,Lost Customers
14995,38,2,233.23,2,0,0,Potential Customers
16302,126,1,233.22000000000003,2,0,0,Potential Customers
13678,151,1,232.6,1,2,2,Lost Customers
18213,236,1,232.48,1,2,2,Lost Customers
16117,189,1,232.21,1,2,2,Lost Customers
15393,16,2,231.86,2,0,0,Potential Customers
16641,105,1,231.1,2,0,0,Potential Customers
18030,4,2,230.65,2,0,0,Potential Customers
15866,101,1,230.52999999999992,2,0,0,Potential Customers
16445,33,1,230.5099999999999,2,0,0,Potential Customers
13786,367,1,230.4,1,2,2,Lost Customers
16926,371,1,230.25000000000003,1,2,2,Lost Customers
13960,21,2,230.22,2,0,0,Potential Customers
12812,44,1,229.64,2,0,0,Potential Customers
13474,236,1,229.58999999999995,1,2,2,Lost Customers
13008,323,1,229.47,1,2,2,Lost Customers
15528,254,1,229.33,1,2,2,Lost Customers
14793,21,1,228.99,2,0,0,Potential Customers
17347,86,1,228.96,2,0,0,Potential Customers
13146,26,1,228.91000000000005,2,0,0,Potential Customers
13712,246,1,228.84,1,2,2,Lost Customers
13070,192,1,228.8,1,2,2,Lost Customers
17969,166,2,228.2,1,2,2,Lost Customers
16527,81,1,228.06,2,0,0,Potential Customers
14569,1,1,227.39,2,0,0,Potential Customers
17212,253,1,226.85,1,2,2,Lost Customers
17572,71,4,226.75,2,0,0,Potential Customers
16315,330,1,226.37,1,2,2,Lost Customers
16777,80,2,226.35,2,0,0,Potential Customers
16619,263,1,226.21,1,2,2,Lost Customers
17789,281,1,225.9,1,2,2,Lost Customers
12672,329,1,225.9,1,2,2,Lost Customers
14624,57,2,225.85,2,0,0,Potential Customers
14357,43,1,225.77000000000007,2,0,0,Potential Customers
12402,323,1,225.6,1,2,2,Lost Customers
16690,72,2,225.58,2,0,0,Potential Customers
14052,19,1,225.35999999999996,2,0,0,Potential Customers
16587,232,1,225.14999999999995,1,2,2,Lost Customers
17171,289,1,224.91,1,2,2,Lost Customers
15175,71,1,224.14000000000004,2,0,0,Potential Customers
16471,274,1,223.95,1,2,2,Lost Customers
16753,58,1,223.92,2,0,0,Potential Customers
14929,32,1,223.88,2,0,0,Potential Customers
13926,23,1,223.85,2,0,0,Potential Customers
18101,11,2,223.65,2,0,0,Potential Customers
17534,53,1,223.36,2,0,0,Potential Customers
15637,52,1,223.36,2,0,0,Potential Customers
13382,280,1,222.99,1,2,2,Lost Customers
15897,194,2,222.05000000000004,1,2,2,Lost Customers
14598,44,1,221.97,2,0,0,Potential Customers
14960,8,2,221.27,2,0,0,Potential Customers
16392,269,1,221.19000000000003,1,2,2,Lost Customers
13419,63,1,221.06,2,0,0,Potential Customers
15790,10,1,220.85,2,0,0,Potential Customers
16482,15,1,220.62,2,0,0,Potential Customers
18114,290,1,220.1,1,2,2,Lost Customers
13079,4,5,220.1,2,0,0,Potential Customers
13600,312,1,219.52,1,2,2,Lost Customers
15096,42,1,219.39,2,0,0,Potential Customers
16895,64,1,219.14,2,0,0,Potential Customers
12702,19,1,219.0,2,0,0,Potential Customers
13669,50,2,218.55,2,0,0,Potential Customers
17619,312,1,218.52000000000004,1,2,2,Lost Customers
13428,10,1,218.4699999999999,2,0,0,Potential Customers
12574,315,1,218.45,1,2,2,Lost Customers
15724,201,2,218.25,1,2,2,Lost Customers
14570,280,2,218.0599999999999,1,2,2,Lost Customers
16634,222,2,217.9,1,2,2,Lost Customers
13271,37,1,217.37999999999997,2,0,0,Potential Customers
15554,277,1,217.2,1,2,2,Lost Customers
16080,81,2,217.16,2,0,0,Potential Customers
13739,18,1,216.9,2,0,0,Potential Customers
13503,71,1,216.85,2,0,0,Potential Customers
15460,354,1,216.7599999999999,1,2,2,Lost Customers
12897,204,2,216.5,1,2,2,Lost Customers
15604,52,1,216.39,2,0,0,Potential Customers
17436,1,2,216.30000000000004,2,0,0,Potential Customers
14104,154,2,216.21,1,2,2,Lost Customers
13858,57,1,216.17,2,0,0,Potential Customers
16179,60,1,215.83,2,0,0,Potential Customers
15052,319,1,215.78,1,2,2,Lost Customers
17580,252,3,215.72000000000003,1,2,2,Lost Customers
14476,257,1,215.7,1,2,2,Lost Customers
16189,15,2,215.48,2,0,0,Potential Customers
16519,25,2,215.08,2,0,0,Potential Customers
16190,40,1,215.08,2,0,0,Potential Customers
12831,262,1,215.05,1,2,2,Lost Customers
12588,39,1,214.9,2,0,0,Potential Customers
16338,157,1,214.8,1,2,2,Lost Customers
16411,19,2,214.65,2,0,0,Potential Customers
16846,50,1,214.32,2,0,0,Potential Customers
16647,169,2,214.06,1,2,2,Lost Customers
14601,10,1,213.96,2,0,0,Potential Customers
13621,116,1,213.85,2,0,0,Potential Customers
17153,24,1,213.78000000000003,2,0,0,Potential Customers
14241,183,1,213.7,1,2,2,Lost Customers
13411,107,1,213.54999999999995,2,0,0,Potential Customers
16591,68,1,213.5,2,0,0,Potential Customers
15540,11,1,213.3,2,0,0,Potential Customers
14984,19,2,213.27,2,0,0,Potential Customers
17928,45,2,212.54,2,0,0,Potential Customers
16017,47,1,211.88,2,0,0,Potential Customers
16356,197,3,211.77,1,2,2,Lost Customers
15703,264,1,211.5,1,2,2,Lost Customers
12995,85,1,211.32,2,0,0,Potential Customers
16415,44,1,210.3499999999999,2,0,0,Potential Customers
13532,33,1,210.31,2,0,0,Potential Customers
13828,22,1,209.49000000000004,2,0,0,Potential Customers
17855,372,1,208.97,1,2,2,Lost Customers
15327,52,1,208.75,2,0,0,Potential Customers
17514,128,1,208.64999999999995,2,0,0,Potential Customers
16914,36,1,208.46,2,0,0,Potential Customers
16457,218,1,208.36,1,2,2,Lost Customers
12547,197,2,207.8,1,2,2,Lost Customers
18191,261,1,207.8,1,2,2,Lost Customers
16866,140,3,207.74,2,0,0,Potential Customers
17923,282,1,207.5,1,2,2,Lost Customers
16752,372,1,207.5,1,2,2,Lost Customers
16323,196,1,207.5,1,2,2,Lost Customers
13099,99,1,207.36,2,0,0,Potential Customers
15925,194,1,207.15,1,2,2,Lost Customers
15820,319,1,206.98,1,2,2,Lost Customers
18126,60,1,206.83000000000007,2,0,0,Potential Customers
17166,38,2,206.34,2,0,0,Potential Customers
14964,247,1,206.21,1,2,2,Lost Customers
13065,373,1,205.86,1,2,2,Lost Customers
17670,227,1,205.7,1,2,2,Lost Customers
17843,303,1,205.48,1,2,2,Lost Customers
15307,95,1,205.3,2,0,0,Potential Customers
15758,24,1,205.25,2,0,0,Potential Customers
13513,126,1,205.1,2,0,0,Potential Customers
15319,283,1,204.5,1,2,2,Lost Customers
17206,53,1,204.24,2,0,0,Potential Customers
13017,7,1,204.0,2,0,0,Potential Customers
18273,2,3,204.0,2,0,0,Potential Customers
17187,226,1,203.95000000000005,1,2,2,Lost Customers
17394,219,1,203.87,1,2,2,Lost Customers
17889,212,2,203.87,1,2,2,Lost Customers
17891,162,1,203.86,1,2,2,Lost Customers
17376,70,2,203.2,2,0,0,Potential Customers
15723,364,1,203.1,1,2,2,Lost Customers
14381,52,1,202.6800000000001,2,0,0,Potential Customers
18169,60,1,202.65000000000003,2,0,0,Potential Customers
14385,9,3,202.11,2,0,0,Potential Customers
15347,366,1,201.6,1,2,2,Lost Customers
13295,359,1,201.2,1,2,2,Lost Customers
13284,330,1,201.19,1,2,2,Lost Customers
16965,226,1,201.19,1,2,2,Lost Customers
13859,326,1,201.16,1,2,2,Lost Customers
17988,11,7,201.12,2,0,0,Potential Customers
17693,137,1,200.47,2,0,0,Potential Customers
13262,263,1,200.29,1,2,2,Lost Customers
15437,262,1,200.16000000000005,1,2,2,Lost Customers
13980,60,1,200.14,2,0,0,Potential Customers
14782,319,1,200.1,1,2,2,Lost Customers
13723,217,1,199.85,1,2,2,Lost Customers
15593,70,1,199.8,2,0,0,Potential Customers
13322,17,1,199.48,2,0,0,Potential Customers
17383,4,1,199.29,2,0,0,Potential Customers
16832,184,3,199.15,1,2,2,Lost Customers
17987,185,1,198.57,1,2,2,Lost Customers
16178,138,1,197.9,1,0,0,Potential Customers
12450,156,2,197.88,1,2,2,Lost Customers
12581,39,1,197.71,2,0,0,Potential Customers
14185,331,1,197.65,1,2,2,Lost Customers
14789,28,1,197.64,2,0,0,Potential Customers
17301,21,1,197.6300000000001,2,0,0,Potential Customers
16829,156,1,197.22,1,2,2,Lost Customers
14830,53,1,197.13,2,0,0,Potential Customers
15234,276,1,197.0,1,2,2,Lost Customers
12586,17,1,196.94,2,0,0,Potential Customers
13436,1,1,196.89,2,0,0,Potential Customers
15746,134,1,196.88,2,0,0,Potential Customers
13978,14,2,196.79,2,0,0,Potential Customers
17660,141,1,196.0,1,0,0,Potential Customers
16112,143,4,195.74,2,0,0,Potential Customers
13792,66,2,195.54999999999995,2,0,0,Potential Customers
17010,18,1,195.36,2,0,0,Potential Customers
14666,24,1,195.25,2,0,0,Potential Customers
15612,36,2,195.15,2,0,0,Potential Customers
14100,137,1,194.9,2,0,0,Potential Customers
16887,35,1,194.88,2,0,0,Potential Customers
14087,2,1,194.42,2,0,0,Potential Customers
17475,79,1,194.37,2,0,0,Potential Customers
15683,117,1,193.75,2,0,0,Potential Customers
15198,92,2,193.64,2,0,0,Potential Customers
17343,355,1,193.64,1,2,2,Lost Customers
16847,43,1,193.44,2,0,0,Potential Customers
17608,33,2,193.42,2,0,0,Potential Customers
14806,75,1,193.39,2,0,0,Potential Customers
14801,61,1,193.14,2,0,0,Potential Customers
13568,173,1,192.85000000000005,1,2,2,Lost Customers
12522,39,2,192.72000000000003,2,0,0,Potential Customers
14768,17,2,192.6,2,0,0,Potential Customers
12791,373,1,192.6,1,2,2,Lost Customers
15909,173,1,191.94,1,2,2,Lost Customers
17904,21,1,191.67,2,0,0,Potential Customers
14966,14,1,191.32,2,0,0,Potential Customers
15692,28,1,191.04,2,0,0,Potential Customers
17233,35,1,190.88,2,0,0,Potential Customers
13033,357,1,190.55,1,2,2,Lost Customers
15412,171,1,190.53000000000003,1,2,2,Lost Customers
13972,70,2,190.25000000000003,2,0,0,Potential Customers
17885,12,1,190.19,2,0,0,Potential Customers
12361,287,1,189.9,1,2,2,Lost Customers
13826,176,1,189.5,1,2,2,Lost Customers
13663,179,1,189.47,1,2,2,Lost Customers
18045,45,1,189.4,2,0,0,Potential Customers
16448,198,1,188.89,1,2,2,Lost Customers
14697,218,2,188.61,1,2,2,Lost Customers
12893,30,1,188.14,2,0,0,Potential Customers
17781,159,2,188.02,1,2,2,Lost Customers
14722,147,1,187.92000000000004,1,2,2,Lost Customers
17279,57,1,187.83,2,0,0,Potential Customers
18013,155,2,187.29000000000005,1,2,2,Lost Customers
17440,156,3,186.42,1,2,2,Lost Customers
13672,301,2,186.39,1,2,2,Lost Customers
14551,18,2,186.23,2,0,0,Potential Customers
15567,18,1,186.01,2,0,0,Potential Customers
12641,115,1,185.9,2,0,0,Potential Customers
17574,242,1,185.65000000000003,1,2,2,Lost Customers
14199,218,1,185.4,1,2,2,Lost Customers
16097,240,1,185.05,1,2,2,Lost Customers
13482,232,1,184.64,1,2,2,Lost Customers
17680,23,1,184.4,2,0,0,Potential Customers
16433,28,1,184.26,2,0,0,Potential Customers
15124,22,2,184.19,2,0,0,Potential Customers
14326,242,1,183.85,1,2,2,Lost Customers
16680,43,1,183.7,2,0,0,Potential Customers
14059,266,1,183.6,1,2,2,Lost Customers
13460,29,2,183.44,2,0,0,Potential Customers
13059,249,1,183.4,1,2,2,Lost Customers
17772,10,2,182.77,2,0,0,Potential Customers
14082,364,1,182.25,1,2,2,Lost Customers
18119,367,1,181.12,1,2,2,Lost Customers
15886,60,1,181.09000000000003,2,0,0,Potential Customers
16594,75,1,181.08999999999995,2,0,0,Potential Customers
15945,365,1,181.0,1,2,2,Lost Customers
15292,201,1,180.94,1,2,2,Lost Customers
16835,128,2,180.85,2,0,0,Potential Customers
18280,277,1,180.6,1,2,2,Lost Customers
13710,31,1,180.48,2,0,0,Potential Customers
15041,170,1,180.35,1,2,2,Lost Customers
13598,47,1,180.17000000000004,2,0,0,Potential Customers
12622,232,1,180.1,1,2,2,Lost Customers
18147,45,2,179.34,2,0,0,Potential Customers
15895,149,1,179.17,1,2,2,Lost Customers
15454,362,1,179.10000000000002,1,2,2,Lost Customers
14705,198,1,179.0,1,2,2,Lost Customers
16990,218,1,179.0,1,2,2,Lost Customers
16620,3,2,178.96000000000004,2,0,0,Potential Customers
15139,239,2,178.96,1,2,2,Lost Customers
15262,323,1,178.95000000000002,1,2,2,Lost Customers
13778,103,1,178.7,2,0,0,Potential Customers
17879,173,1,178.52,1,2,2,Lost Customers
17253,18,1,178.26,2,0,0,Potential Customers
17356,311,1,178.21999999999997,1,2,2,Lost Customers
18282,7,2,178.04999999999998,2,0,0,Potential Customers
16403,312,1,177.5,1,2,2,Lost Customers
13618,173,1,177.34,1,2,2,Lost Customers
12618,21,1,177.30999999999997,2,0,0,Potential Customers
13072,266,1,177.14999999999998,1,2,2,Lost Customers
12923,64,1,176.97,2,0,0,Potential Customers
17947,37,1,176.68,2,0,0,Potential Customers
14287,8,3,176.63,2,0,0,Potential Customers
12509,284,1,176.5,1,2,2,Lost Customers
18274,30,1,175.92,2,0,0,Potential Customers
17582,236,1,175.27000000000004,1,2,2,Lost Customers
17331,123,1,175.2,2,0,0,Potential Customers
16144,246,1,175.2,1,2,2,Lost Customers
18010,256,1,174.8,1,2,2,Lost Customers
14355,365,1,174.4,1,2,2,Lost Customers
13560,7,1,174.37000000000006,2,0,0,Potential Customers
14518,64,1,174.37000000000003,2,0,0,Potential Customers
15335,53,1,173.97,2,0,0,Potential Customers
18278,73,1,173.89999999999998,2,0,0,Potential Customers
16861,59,2,173.76,2,0,0,Potential Customers
14798,52,3,173.73999999999995,2,0,0,Potential Customers
16565,364,1,173.7,1,2,2,Lost Customers
12441,366,1,173.54999999999998,1,2,2,Lost Customers
15565,50,2,173.15999999999997,2,0,0,Potential Customers
15670,296,1,173.04999999999998,1,2,2,Lost Customers
14693,264,1,172.9,1,2,2,Lost Customers
18048,203,2,172.29000000000002,1,2,2,Lost Customers
13922,351,1,172.25,1,2,2,Lost Customers
13690,59,1,172.24999999999997,2,0,0,Potential Customers
12442,3,1,172.06,2,0,0,Potential Customers
14536,259,1,171.79999999999998,1,2,2,Lost Customers
16773,57,1,171.59,2,0,0,Potential Customers
17245,204,1,171.45000000000002,1,2,2,Lost Customers
15432,23,1,171.19,2,0,0,Potential Customers
17542,269,1,170.75,1,2,2,Lost Customers
14860,19,1,170.32,2,0,0,Potential Customers
18058,9,1,170.15999999999997,2,0,0,Potential Customers
15016,172,1,170.04,1,2,2,Lost Customers
16921,61,1,169.79000000000005,2,0,0,Potential Customers
13962,21,2,169.55,2,0,0,Potential Customers
14218,42,1,169.48000000000002,2,0,0,Potential Customers
18004,362,1,169.46999999999997,1,2,2,Lost Customers
12367,4,1,168.9,2,0,0,Potential Customers
14578,3,1,168.62999999999997,2,0,0,Potential Customers
18269,366,1,168.6,1,2,2,Lost Customers
17367,238,1,168.4,1,2,2,Lost Customers
18099,127,1,168.31,2,0,0,Potential Customers
15888,80,1,168.30999999999997,2,0,0,Potential Customers
16282,339,1,168.29999999999998,1,2,2,Lost Customers
17737,9,2,168.23999999999998,2,0,0,Potential Customers
15986,30,1,168.12,2,0,0,Potential Customers
15374,128,1,168.0,2,0,0,Potential Customers
12551,357,1,168.0,1,2,2,Lost Customers
18088,61,1,167.67,2,0,0,Potential Customers
17561,19,1,167.61999999999998,2,0,0,Potential Customers
16952,109,2,167.61,2,0,0,Potential Customers
15920,154,4,167.49999999999994,1,2,2,Lost Customers
16405,302,2,167.25,1,2,2,Lost Customers
18014,28,1,166.42000000000004,2,0,0,Potential Customers
14295,40,1,166.2,2,0,0,Potential Customers
17650,21,1,166.07999999999998,2,0,0,Potential Customers
12817,281,1,166.04,1,2,2,Lost Customers
14485,38,1,165.74999999999997,2,0,0,Potential Customers
14552,151,1,165.07000000000002,1,2,2,Lost Customers
18042,53,1,165.05,2,0,0,Potential Customers
15316,326,1,165.0,1,2,2,Lost Customers
13470,99,2,165.0,2,0,0,Potential Customers
15904,8,1,164.68,2,0,0,Potential Customers
17535,280,1,164.4,1,2,2,Lost Customers
13603,26,1,164.34,2,0,0,Potential Customers
12920,17,1,164.23,2,0,0,Potential Customers
18200,106,1,163.8,2,0,0,Potential Customers
14354,5,2,163.62,2,0,0,Potential Customers
17110,165,1,163.29999999999998,1,2,2,Lost Customers
13223,200,2,163.2,1,2,2,Lost Customers
16406,18,1,163.06999999999996,2,0,0,Potential Customers
15167,320,1,163.0,1,2,2,Lost Customers
16517,277,1,162.7,1,2,2,Lost Customers
15733,282,1,162.29999999999998,1,2,2,Lost Customers
15325,103,1,162.28999999999996,2,0,0,Potential Customers
16932,53,1,161.94000000000003,2,0,0,Potential Customers
17600,17,1,161.67,2,0,0,Potential Customers
15458,25,1,161.64,2,0,0,Potential Customers
16113,183,1,161.38,1,2,2,Lost Customers
14362,22,1,161.20000000000002,2,0,0,Potential Customers
14204,2,1,161.02999999999997,2,0,0,Potential Customers
14237,373,1,161.0,1,2,2,Lost Customers
14089,56,1,161.0,2,0,0,Potential Customers
13229,225,1,160.95,1,2,2,Lost Customers
15852,186,2,160.71,1,2,2,Lost Customers
17344,46,1,160.57,2,0,0,Potential Customers
12573,227,1,160.53999999999996,1,2,2,Lost Customers
18203,157,1,160.41999999999996,1,2,2,Lost Customers
18146,140,2,160.34999999999997,1,0,0,Potential Customers
14714,24,1,160.19,2,0,0,Potential Customers
12966,9,1,160.17999999999998,2,0,0,Potential Customers
13420,149,2,159.85000000000002,1,2,2,Lost Customers
16213,78,1,159.0,2,0,0,Potential Customers
18224,263,1,158.95,1,2,2,Lost Customers
13937,169,1,158.85,1,2,2,Lost Customers
17165,284,1,158.68,1,2,2,Lost Customers
15160,357,1,158.16,1,2,2,Lost Customers
15348,72,1,158.03999999999996,2,0,0,Potential Customers
15988,19,1,158.03,2,0,0,Potential Customers
17556,205,1,157.89999999999998,1,2,2,Lost Customers
14799,51,1,157.7,2,0,0,Potential Customers
14148,233,1,157.2,1,2,2,Lost Customers
17128,334,1,157.09,1,2,2,Lost Customers
14585,50,1,157.05,2,0,0,Potential Customers
17118,317,1,157.02,1,2,2,Lost Customers
15007,159,1,156.91,1,2,2,Lost Customers
14406,119,1,156.75,2,0,0,Potential Customers
15438,131,1,156.57999999999998,2,0,0,Potential Customers
15263,106,1,156.50999999999996,2,0,0,Potential Customers
13898,325,1,155.92999999999998,1,2,2,Lost Customers
17871,204,1,155.9,1,2,2,Lost Customers
17899,159,1,155.8,1,2,2,Lost Customers
14813,369,2,155.42999999999998,1,2,2,Lost Customers
17832,49,1,155.37000000000006,2,0,0,Potential Customers
12738,372,1,155.34999999999997,1,2,2,Lost Customers
16720,26,1,155.23999999999998,2,0,0,Potential Customers
15447,330,1,155.17000000000002,1,2,2,Lost Customers
13809,305,1,155.05,1,2,2,Lost Customers
14368,319,1,155.0,1,2,2,Lost Customers
14046,284,1,154.98999999999998,1,2,2,Lost Customers
17698,260,1,154.95,1,2,2,Lost Customers
15740,49,1,154.88,2,0,0,Potential Customers
17026,185,2,154.83,1,2,2,Lost Customers
15226,310,1,154.41,1,2,2,Lost Customers
17517,308,1,153.94,1,2,2,Lost Customers
17286,21,1,153.92000000000004,2,0,0,Potential Customers
16351,332,1,153.9,1,2,2,Lost Customers
12602,58,1,153.12000000000003,2,0,0,Potential Customers
17714,320,1,153.0,1,2,2,Lost Customers
16248,61,1,152.94000000000003,2,0,0,Potential Customers
17984,145,1,152.68000000000004,1,2,2,Lost Customers
18138,295,1,152.65,1,2,2,Lost Customers
14066,266,1,152.55,1,2,2,Lost Customers
17707,185,2,152.4,1,2,2,Lost Customers
13514,73,1,152.2,2,0,0,Potential Customers
14039,33,1,152.2,2,0,0,Potential Customers
17898,85,2,152.06,2,0,0,Potential Customers
16617,235,1,151.85,1,2,2,Lost Customers
16412,53,1,151.83000000000004,2,0,0,Potential Customers
14208,94,1,151.74,2,0,0,Potential Customers
13462,252,1,151.5,1,2,2,Lost Customers
16461,177,1,151.42000000000002,1,2,2,Lost Customers
13697,38,1,151.29999999999998,2,0,0,Potential Customers
16337,36,1,151.04999999999998,2,0,0,Potential Customers
14073,32,1,151.03999999999996,2,0,0,Potential Customers
15717,234,1,150.29999999999998,1,2,2,Lost Customers
17234,182,1,149.89,1,2,2,Lost Customers
15869,277,2,149.64,1,2,2,Lost Customers
17946,233,2,149.57999999999998,1,2,2,Lost Customers
18262,140,1,149.48,1,0,0,Potential Customers
15748,40,1,149.31,2,0,0,Potential Customers
15435,22,1,149.29000000000005,2,0,0,Potential Customers
13003,105,3,149.05,2,0,0,Potential Customers
17549,23,2,148.86,2,0,0,Potential Customers
15526,33,2,148.44,2,0,0,Potential Customers
17859,304,1,148.21,1,2,2,Lost Customers
14968,30,1,147.59000000000003,2,0,0,Potential Customers
14098,36,1,147.35000000000002,2,0,0,Potential Customers
14037,176,2,147.20000000000002,1,2,2,Lost Customers
12864,138,1,147.11999999999998,1,0,0,Potential Customers
15503,362,1,147.09000000000006,1,2,2,Lost Customers
17030,63,1,146.87000000000003,2,0,0,Potential Customers
14238,326,1,146.85,1,2,2,Lost Customers
16893,366,1,145.92999999999998,1,2,2,Lost Customers
12565,288,1,145.92,1,2,2,Lost Customers
17935,138,2,145.79000000000002,2,0,0,Potential Customers
13866,74,1,145.67000000000002,2,0,0,Potential Customers
15937,64,1,145.35,2,0,0,Potential Customers
16598,285,1,145.05,1,2,2,Lost Customers
17524,361,1,145.0,1,2,2,Lost Customers
16852,10,2,144.91,2,0,0,Potential Customers
12974,197,1,144.8,1,2,2,Lost Customers
14109,72,1,144.2,2,0,0,Potential Customers
12587,7,1,144.0,2,0,0,Potential Customers
17186,46,2,144.0,2,0,0,Potential Customers
17578,218,1,143.45999999999998,1,2,2,Lost Customers
15705,201,1,143.10000000000002,1,2,2,Lost Customers
13299,268,1,142.5,1,2,2,Lost Customers
16287,169,1,142.5,1,2,2,Lost Customers
14386,296,1,142.4,1,2,2,Lost Customers
13584,306,1,142.4,1,2,2,Lost Customers
13561,215,1,141.86,1,2,2,Lost Customers
14041,266,1,141.41000000000005,1,2,2,Lost Customers
15388,270,1,140.54000000000002,1,2,2,Lost Customers
13483,65,1,140.34000000000003,2,0,0,Potential Customers
14494,25,1,139.56,2,0,0,Potential Customers
16483,192,1,139.35,1,2,2,Lost Customers
17718,232,1,139.35,1,2,2,Lost Customers
14772,112,1,139.26000000000002,2,0,0,Potential Customers
18209,28,1,139.1,2,0,0,Potential Customers
15135,239,1,139.05,1,2,2,Lost Customers
13273,113,1,138.98,2,0,0,Potential Customers
12902,264,1,138.68,1,2,2,Lost Customers
14581,16,1,138.59999999999997,2,0,0,Potential Customers
17122,119,1,138.32,2,0,0,Potential Customers
13716,269,1,138.27999999999997,1,2,2,Lost Customers
15663,106,1,138.14,2,0,0,Potential Customers
12512,66,2,138.03,2,0,0,Potential Customers
16050,173,1,137.9,1,2,2,Lost Customers
13279,78,1,137.75,2,0,0,Potential Customers
17709,169,1,137.45000000000002,1,2,2,Lost Customers
15836,50,1,137.37,2,0,0,Potential Customers
14483,281,1,137.1,1,2,2,Lost Customers
17468,10,2,137.0,2,0,0,Potential Customers
15691,252,1,136.8,1,2,2,Lost Customers
14247,278,1,136.77,1,2,2,Lost Customers
17972,241,1,136.04,1,2,2,Lost Customers
16462,73,3,136.0,2,0,0,Potential Customers
12968,112,1,135.95,2,0,0,Potential Customers
15042,199,1,135.93,1,2,2,Lost Customers
14889,336,1,135.9,1,2,2,Lost Customers
15419,24,1,135.86,2,0,0,Potential Customers
16114,170,1,135.75,1,2,2,Lost Customers
15174,322,1,135.74999999999997,1,2,2,Lost Customers
16665,362,1,135.4,1,2,2,Lost Customers
15276,66,1,135.30999999999997,2,0,0,Potential Customers
12851,96,1,135.18000000000004,2,0,0,Potential Customers
13364,71,1,134.96,2,0,0,Potential Customers
16055,220,1,134.8,1,2,2,Lost Customers
14340,218,1,134.7,1,2,2,Lost Customers
15562,351,1,134.55,1,2,2,Lost Customers
14174,33,1,134.46,2,0,0,Potential Customers
12837,173,1,134.10000000000002,1,2,2,Lost Customers
14280,196,1,134.04000000000002,1,2,2,Lost Customers
16424,191,1,133.56,1,2,2,Lost Customers
14349,10,1,133.50000000000003,2,0,0,Potential Customers
12445,22,1,133.4,2,0,0,Potential Customers
17881,304,1,133.35,1,2,2,Lost Customers
15709,283,1,133.25,1,2,2,Lost Customers
17647,65,1,133.06,2,0,0,Potential Customers
17785,53,1,131.94,2,0,0,Potential Customers
14438,306,1,131.9,1,2,2,Lost Customers
17297,17,1,131.78000000000003,2,0,0,Potential Customers
17455,203,1,131.7,1,2,2,Lost Customers
14795,166,1,131.45,1,2,2,Lost Customers
15844,46,1,130.74,2,0,0,Potential Customers
16679,366,1,129.75,1,2,2,Lost Customers
16611,186,1,129.49,1,2,2,Lost Customers
16623,245,1,129.45,1,2,2,Lost Customers
16828,93,2,128.5,2,0,0,Potential Customers
15543,288,1,127.86,1,2,2,Lost Customers
17359,11,1,127.86,2,0,0,Potential Customers
13781,250,1,127.84000000000002,1,2,2,Lost Customers
15578,162,1,127.1,1,2,2,Lost Customers
15923,372,1,127.08000000000004,1,2,2,Lost Customers
14962,270,1,126.7,1,2,2,Lost Customers
16414,21,2,126.25,2,0,0,Potential Customers
15463,29,1,126.14,2,0,0,Potential Customers
16988,5,1,126.12,2,0,0,Potential Customers
12814,101,1,125.92,2,0,0,Potential Customers
13522,30,1,125.8,2,0,0,Potential Customers
14861,52,1,125.79,2,0,0,Potential Customers
14890,253,1,125.65,1,2,2,Lost Customers
15017,33,1,125.58000000000004,2,0,0,Potential Customers
12531,14,1,125.22,2,0,0,Potential Customers
17148,51,1,124.88,2,0,0,Potential Customers
16849,186,1,124.57,1,2,2,Lost Customers
16569,3,1,124.2,2,0,0,Potential Customers
14495,50,2,123.8,2,0,0,Potential Customers
16658,368,1,123.24,1,2,2,Lost Customers
15917,247,1,123.1,1,2,2,Lost Customers
17967,371,1,123.07,1,2,2,Lost Customers
13519,78,1,122.75,2,0,0,Potential Customers
14413,362,1,122.7,1,2,2,Lost Customers
13876,63,1,122.7,2,0,0,Potential Customers
13638,15,1,122.64,2,0,0,Potential Customers
14165,275,1,122.54,1,2,2,Lost Customers
14076,129,1,122.46999999999998,2,0,0,Potential Customers
16073,297,1,122.4,1,2,2,Lost Customers
18018,108,2,122.14,2,0,0,Potential Customers
13244,92,1,121.74,2,0,0,Potential Customers
13182,45,1,121.18,2,0,0,Potential Customers
15049,273,1,121.17,1,2,2,Lost Customers
15512,155,2,121.0,1,2,2,Lost Customers
13002,318,1,120.95,1,2,2,Lost Customers
17446,176,2,120.9,1,2,2,Lost Customers
18015,4,1,120.03,2,0,0,Potential Customers
14259,141,1,120.0,1,0,0,Potential Customers
14314,106,1,120.0,2,0,0,Potential Customers
14453,190,1,119.93000000000002,1,2,2,Lost Customers
16542,53,1,119.62,2,0,0,Potential Customers
15266,338,1,119.3,1,2,2,Lost Customers
16666,19,1,118.98000000000002,2,0,0,Potential Customers
15843,303,1,118.95,1,2,2,Lost Customers
17079,78,1,118.8,2,0,0,Potential Customers
14155,266,1,118.75,1,2,2,Lost Customers
13581,309,1,118.0,1,2,2,Lost Customers
13193,61,1,117.88000000000004,2,0,0,Potential Customers
12929,311,1,117.85,1,2,2,Lost Customers
17654,277,1,117.55,1,2,2,Lost Customers
16959,87,1,117.35,2,0,0,Potential Customers
13877,86,1,117.24,2,0,0,Potential Customers
17117,288,1,116.2,1,2,2,Lost Customers
13170,26,1,116.01000000000002,2,0,0,Potential Customers
17601,239,1,116.01,1,2,2,Lost Customers
14143,133,1,115.8,2,0,0,Potential Customers
15350,373,1,115.65,1,2,2,Lost Customers
13067,82,1,115.46000000000002,2,0,0,Potential Customers
18027,98,1,115.31,2,0,0,Potential Customers
14972,128,1,114.77,2,0,0,Potential Customers
13188,11,1,114.6,2,0,0,Potential Customers
14632,262,1,114.56,1,2,2,Lost Customers
16247,170,1,114.56,1,2,2,Lost Customers
14974,37,1,114.39,2,0,0,Potential Customers
17852,11,2,114.34,2,0,0,Potential Customers
17219,31,1,114.23,2,0,0,Potential Customers
14652,77,1,114.18,2,0,0,Potential Customers
12938,25,1,114.14,2,0,0,Potential Customers
14582,40,1,114.11,2,0,0,Potential Customers
12651,334,1,114.0,1,2,2,Lost Customers
14457,310,1,113.64,1,2,2,Lost Customers
15445,264,1,113.5,1,2,2,Lost Customers
17217,234,1,113.5,1,2,2,Lost Customers
18105,37,1,113.48,2,0,0,Potential Customers
16913,290,1,113.44,1,2,2,Lost Customers
15280,172,1,113.12,1,2,2,Lost Customers
14689,208,1,112.80000000000004,1,2,2,Lost Customers
16697,241,1,112.75000000000004,1,2,2,Lost Customers
13161,313,1,112.75,1,2,2,Lost Customers
13807,367,1,112.6,1,2,2,Lost Customers
18129,243,1,112.54999999999998,1,2,2,Lost Customers
15610,51,1,112.46,2,0,0,Potential Customers
17038,30,1,112.4,2,0,0,Potential Customers
14271,225,1,112.32,1,2,2,Lost Customers
17893,225,1,112.25,1,2,2,Lost Customers
17900,190,2,112.2,1,2,2,Lost Customers
12756,86,1,112.08,2,0,0,Potential Customers
17274,35,1,111.98000000000002,2,0,0,Potential Customers
17957,66,1,111.68,2,0,0,Potential Customers
17887,129,1,111.35,2,0,0,Potential Customers
18120,214,1,111.15,1,2,2,Lost Customers
13508,243,1,110.97,1,2,2,Lost Customers
13144,332,1,110.95,1,2,2,Lost Customers
15537,163,1,110.92000000000004,1,2,2,Lost Customers
15853,51,1,110.8,2,0,0,Potential Customers
17349,179,1,110.75,1,2,2,Lost Customers
16963,187,1,110.55,1,2,2,Lost Customers
14641,21,1,110.46000000000002,2,0,0,Potential Customers
12734,352,1,110.4,1,2,2,Lost Customers
17901,29,1,110.38,2,0,0,Potential Customers
16792,282,2,110.38,1,2,2,Lost Customers
18277,58,1,110.38,2,0,0,Potential Customers
17746,240,1,110.25,1,2,2,Lost Customers
17836,47,1,110.21,2,0,0,Potential Customers
16339,284,1,109.95000000000005,1,2,2,Lost Customers
13133,273,2,109.8,1,2,2,Lost Customers
16363,53,1,109.36,2,0,0,Potential Customers
14699,214,1,109.13,1,2,2,Lost Customers
14345,38,1,108.98,2,0,0,Potential Customers
17639,276,1,108.5,1,2,2,Lost Customers
16106,65,1,108.38,2,0,0,Potential Customers
13226,273,1,108.21000000000002,1,2,2,Lost Customers
12956,306,1,108.07,1,2,2,Lost Customers
14661,26,1,107.95,2,0,0,Potential Customers
16784,19,1,107.6,2,0,0,Potential Customers
15395,325,1,107.45,1,2,2,Lost Customers
16757,318,1,106.83,1,2,2,Lost Customers
15168,25,1,106.56,2,0,0,Potential Customers
15070,372,1,106.2,1,2,2,Lost Customers
17791,29,1,106.1,2,0,0,Potential Customers
16581,182,1,105.84,1,2,2,Lost Customers
15775,245,1,104.9,1,2,2,Lost Customers
14027,60,1,104.82,2,0,0,Potential Customers
15607,336,1,104.76,1,2,2,Lost Customers
15958,74,1,104.35,2,0,0,Potential Customers
18174,7,1,104.0,2,0,0,Potential Customers
18255,89,1,103.3,2,0,0,Potential Customers
17548,233,1,103.3,1,2,2,Lost Customers
14542,185,1,103.25,1,2,2,Lost Customers
17962,142,1,102.83,1,0,0,Potential Customers
18011,373,1,102.79000000000002,1,2,2,Lost Customers
14836,10,3,102.45000000000002,2,0,0,Potential Customers
14981,246,1,102.12,1,2,2,Lost Customers
13948,360,1,102.0,1,2,2,Lost Customers
15212,241,1,101.8,1,2,2,Lost Customers
18068,289,1,101.7,1,2,2,Lost Customers
16516,30,1,101.7,2,0,0,Potential Customers
17643,373,1,101.55,1,2,2,Lost Customers
16006,211,1,101.4,1,2,2,Lost Customers
18086,274,1,101.34,1,2,2,Lost Customers
13101,234,1,101.19,1,2,2,Lost Customers
16344,158,1,101.1,1,2,2,Lost Customers
16498,161,2,100.97,1,2,2,Lost Customers
14946,14,1,100.9,2,0,0,Potential Customers
17427,71,1,100.8,2,0,0,Potential Customers
14371,295,1,100.5,1,2,2,Lost Customers
13703,318,1,99.5,1,2,2,Lost Customers
17939,159,1,99.14,1,2,2,Lost Customers
15256,148,1,98.45,1,2,2,Lost Customers
17538,25,1,98.42,2,0,0,Potential Customers
17895,44,1,98.0,2,0,0,Potential Customers
18033,65,1,97.97,2,0,0,Potential Customers
15422,323,2,97.7,1,2,2,Lost Customers
12984,18,1,97.5,2,0,0,Potential Customers
17325,280,1,96.8,1,2,2,Lost Customers
15216,87,1,96.6,2,0,0,Potential Customers
14642,58,1,96.12,2,0,0,Potential Customers
17024,45,3,95.85,2,0,0,Potential Customers
18249,17,1,95.34,2,0,0,Potential Customers
12548,166,1,95.2,1,2,2,Lost Customers
16387,322,1,94.36,1,2,2,Lost Customers
13651,35,2,94.2,2,0,0,Potential Customers
15397,289,1,94.0,1,2,2,Lost Customers
15428,15,1,93.78,2,0,0,Potential Customers
18227,217,1,93.75,1,2,2,Lost Customers
13283,59,2,93.66,2,0,0,Potential Customers
17991,225,2,93.35,1,2,2,Lost Customers
12821,214,1,92.72,1,2,2,Lost Customers
14054,65,1,92.46,2,0,0,Potential Customers
12789,65,1,91.85,2,0,0,Potential Customers
13551,319,1,91.8,1,2,2,Lost Customers
13160,22,1,91.8,2,0,0,Potential Customers
12659,29,1,91.68,2,0,0,Potential Customers
15488,92,1,91.32,2,0,0,Potential Customers
14353,215,1,90.6,1,2,2,Lost Customers
13947,65,1,90.6,2,0,0,Potential Customers
18084,16,1,90.48,2,0,0,Potential Customers
16506,19,2,90.3,2,0,0,Potential Customers
15552,217,1,90.12,1,2,2,Lost Customers
16597,4,1,90.04,2,0,0,Potential Customers
14117,143,1,90.0,1,2,2,Lost Customers
14219,4,1,89.94,2,0,0,Potential Customers
14760,297,1,89.19999999999999,1,2,2,Lost Customers
12686,371,1,89.14,1,2,2,Lost Customers
14436,98,1,89.05999999999999,2,0,0,Potential Customers
12353,204,1,88.99999999999999,1,2,2,Lost Customers
15083,256,1,88.19999999999999,1,2,2,Lost Customers
15180,367,1,87.5,1,2,2,Lost Customers
13296,137,1,87.4,2,0,0,Potential Customers
15541,114,1,85.13000000000002,2,0,0,Potential Customers
15729,212,1,85.0,1,2,2,Lost Customers
13841,252,1,85.0,1,2,2,Lost Customers
13666,60,3,84.65000000000002,2,0,0,Potential Customers
12401,303,1,84.3,1,2,2,Lost Customers
17309,95,1,82.75,2,0,0,Potential Customers
13006,56,1,81.57,2,0,0,Potential Customers
17620,59,1,81.44,2,0,0,Potential Customers
18281,180,1,80.82000000000001,1,2,2,Lost Customers
16789,8,1,80.8,2,0,0,Potential Customers
13967,145,1,80.7,1,2,2,Lost Customers
17752,359,1,80.64,1,2,2,Lost Customers
13747,373,1,79.6,1,2,2,Lost Customers
16078,283,1,79.2,1,2,2,Lost Customers
15753,304,1,79.2,1,2,2,Lost Customers
17942,7,1,77.5,2,0,0,Potential Customers
14785,10,2,77.4,2,0,0,Potential Customers
13132,261,1,77.3,1,2,2,Lost Customers
13992,30,1,76.8,2,0,0,Potential Customers
14373,358,1,76.55000000000001,1,2,2,Lost Customers
17536,177,1,76.5,1,2,2,Lost Customers
13106,133,1,76.5,2,0,0,Potential Customers
18113,368,1,76.32,1,2,2,Lost Customers
15668,217,1,76.32,1,2,2,Lost Customers
16148,296,1,76.32,1,2,2,Lost Customers
14090,324,1,76.32,1,2,2,Lost Customers
17995,281,1,76.1,1,2,2,Lost Customers
17628,81,1,75.75,2,0,0,Potential Customers
16610,219,1,75.66,1,2,2,Lost Customers
13403,17,1,75.0,2,0,0,Potential Customers
16468,74,1,74.9,2,0,0,Potential Customers
18050,359,1,74.4,1,2,2,Lost Customers
13095,70,1,74.39999999999999,2,0,0,Potential Customers
17960,171,1,73.78,1,2,2,Lost Customers
12506,232,1,73.50000000000001,1,2,2,Lost Customers
18032,334,1,73.5,1,2,2,Lost Customers
16171,59,1,73.19999999999999,2,0,0,Potential Customers
17906,247,1,72.9,1,2,2,Lost Customers
13686,182,1,72.0,1,2,2,Lost Customers
13938,35,1,71.66,2,0,0,Potential Customers
13185,267,1,71.4,1,2,2,Lost Customers
17747,112,1,71.4,2,0,0,Potential Customers
17022,31,1,71.0,2,0,0,Potential Customers
18037,154,6,70.02000000000001,1,2,2,Lost Customers
15863,25,2,68.84,2,0,0,Potential Customers
14393,218,1,67.94999999999999,1,2,2,Lost Customers
13684,285,1,67.22999999999999,1,2,2,Lost Customers
17382,65,1,65.4,2,0,0,Potential Customers
13130,94,1,64.0,2,0,0,Potential Customers
13302,155,1,63.75,1,2,2,Lost Customers
17263,208,1,63.44000000000001,1,2,2,Lost Customers
12665,324,1,63.0,1,2,2,Lost Customers
14437,365,1,63.0,1,2,2,Lost Customers
14840,267,1,62.85,1,2,2,Lost Customers
13218,127,1,62.64,2,0,0,Potential Customers
15516,44,3,62.43,2,0,0,Potential Customers
13194,135,1,60.7,2,0,0,Potential Customers
17174,217,1,59.9,1,2,2,Lost Customers
13391,203,1,59.8,1,2,2,Lost Customers
13682,187,1,59.5,1,2,2,Lost Customers
14957,253,1,58.49000000000001,1,2,2,Lost Customers
13080,179,1,58.07999999999999,1,2,2,Lost Customers
17775,254,1,56.4,1,2,2,Lost Customers
15899,368,1,56.25,1,2,2,Lost Customers
13366,50,1,56.16,2,0,0,Potential Customers
16349,290,1,53.49999999999999,1,2,2,Lost Customers
15504,81,1,52.83000000000001,2,0,0,Potential Customers
13832,19,1,52.2,2,0,0,Potential Customers
14865,7,2,52.2,2,0,0,Potential Customers
14682,187,2,52.0,1,2,2,Lost Customers
15313,110,1,52.0,2,0,0,Potential Customers
17844,106,1,51.56,2,0,0,Potential Customers
14351,164,1,51.0,1,2,2,Lost Customers
13011,372,1,50.55,1,2,2,Lost Customers
18184,15,1,49.8,2,0,0,Potential Customers
14821,366,1,48.8,1,2,2,Lost Customers
15603,78,1,48.48,2,0,0,Potential Customers
16257,176,1,46.95,1,2,2,Lost Customers
14080,32,1,45.6,2,0,0,Potential Customers
15423,38,1,43.5,2,0,0,Potential Customers
14300,18,1,43.2,2,0,0,Potential Customers
15992,3,1,41.99,2,0,0,Potential Customers
15178,260,1,40.5,1,2,2,Lost Customers
14589,371,1,39.75,1,2,2,Lost Customers
12977,156,1,39.24,1,2,2,Lost Customers
16659,189,1,39.12,1,2,2,Lost Customers
18019,51,1,38.45,2,0,0,Potential Customers
12855,372,1,38.1,1,2,2,Lost Customers
16162,252,1,37.4,1,2,2,Lost Customers
17816,36,4,36.56,2,0,0,Potential Customers
15940,311,1,35.8,1,2,2,Lost Customers
17831,33,1,35.4,2,0,0,Potential Customers
14576,372,1,35.4,1,2,2,Lost Customers
16856,14,1,35.4,2,0,0,Potential Customers
15744,77,1,34.8,2,0,0,Potential Customers
16765,294,1,34.0,1,2,2,Lost Customers
17408,163,1,32.65,1,2,2,Lost Customers
13120,238,1,30.6,1,2,2,Lost Customers
15657,22,1,30.0,2,0,0,Potential Customers
17102,261,1,25.5,1,2,2,Lost Customers
18268,134,1,25.5,2,0,0,Potential Customers
17986,56,1,20.8,2,0,0,Potential Customers
16953,30,1,20.8,2,0,0,Potential Customers
16093,106,1,17.0,2,0,0,Potential Customers
15823,372,1,15.0,1,2,2,Lost Customers
13307,120,1,15.0,2,0,0,Potential Customers
17763,263,1,15.0,1,2,2,Lost Customers
16878,84,1,13.3,2,0,0,Potential Customers
17956,249,1,12.75,1,2,2,Lost Customers
16454,44,2,6.9,2,0,0,Potential Customers
14792,63,1,6.2,2,0,0,Potential Customers
16738,297,1,3.75,1,2,2,Lost Customers
13256,14,1,0.0,2,0,0,Potential Customers
